SQL> ------------------------------------------------------------------
SQL> --  Author: Franz Zbinden Garcia                                 -
SQL> --  The script sets up a Pok‚mon-themed database, intended for   -
SQL> --  a project. It includes the creation of tables, relationships, -
SQL> --  and sample data insertion for a detailed relational database.-
SQL> --  It involves several layers of table creation, relationships, -
SQL> --  and constraints, and it demonstrates skills in SQL for       -
SQL> --  setting up and managing complex relational data.             -
SQL> ------------------------------------------------------------------
SQL> SET ECHO ON
SQL> ------------------------------------------------------------------
SQL> SHOW USER
USER is "C##FZBINDEN0855"
SQL> SELECT systimestamp FROM dual;

SYSTIMESTAMP                                                                                                                                                                                                      
---------------------------------------------------------------------------                                                                                                                                       
26-DEC-24 11.23.12.906000 AM -04:00                                                                                                                                                                               

SQL> ------------------------------------------------------------------
SQL> --   Aqu¡ se borran las tablas en caso de tener que volver a    -
SQL> --   crearlas, esta sub dividido por niveles.                   -
SQL> ------------------------------------------------------------------
SQL> -- Level 3 Tables
SQL> ------------------------------------------------------------------
SQL> DROP TABLE tipo_mon CASCADE CONSTRAINTS;

Table dropped.

SQL> DROP TABLE tipo_ataque CASCADE CONSTRAINTS;

Table dropped.

SQL> DROP TABLE pelea CASCADE CONSTRAINTS;

Table dropped.

SQL> DROP TABLE gym_mon CASCADE CONSTRAINTS;

Table dropped.

SQL> DROP TABLE agarre CASCADE CONSTRAINTS;

Table dropped.

SQL> DROP TABLE inventario CASCADE CONSTRAINTS;

Table dropped.

SQL> DROP TABLE girada CASCADE CONSTRAINTS;

Table dropped.

SQL> DROP TABLE freakydex CASCADE CONSTRAINTS;

Table dropped.

SQL> ------------------------------------------------------------------
SQL> -- Level 2 Tables
SQL> DROP TABLE mon CASCADE CONSTRAINTS;

Table dropped.

SQL> DROP TABLE jugador CASCADE CONSTRAINTS;

Table dropped.

SQL> DROP TABLE ataque CASCADE CONSTRAINTS;

Table dropped.

SQL> ------------------------------------------------------------------
SQL> -- Level 1 Tables
SQL> DROP TABLE cuenta CASCADE CONSTRAINTS;

Table dropped.

SQL> DROP TABLE item CASCADE CONSTRAINTS;

Table dropped.

SQL> DROP TABLE gym CASCADE CONSTRAINTS;

Table dropped.

SQL> DROP TABLE tipo CASCADE CONSTRAINTS;

Table dropped.

SQL> DROP TABLE parada CASCADE CONSTRAINTS;

Table dropped.

SQL> ------------------------------------------------------------------
SQL> 
SQL> SHOW USER
USER is "C##FZBINDEN0855"
SQL> SELECT systimestamp FROM dual;

SYSTIMESTAMP                                                                                                                                                                                                      
---------------------------------------------------------------------------                                                                                                                                       
26-DEC-24 11.23.13.205000 AM -04:00                                                                                                                                                                               

SQL> ------------------------------------------------------------------
SQL> --    Creacion tabla TABLA-1 nivel-1                             -
SQL> ------------------------------------------------------------------
SQL> CREATE TABLE cuenta (
  2      telefono_pk                     VARCHAR2(12)NOT NULL,
  3      nombre                          VARCHAR2(25)NOT NULL,
  4      contrasena                      VARCHAR2(30)NOT NULL,
  5      fecha_u_creacion                TIMESTAMP(9) NOT NULL,
  6      fecha_acceso                    TIMESTAMP(9) NOT NULL,
  7      intentos_fallidos               VARCHAR2(2) NOT NULL,
  8      fecha_expiracion                TIMESTAMP(9) NOT NULL,
  9  	CONSTRAINT cuenta_telefono_pk   PRIMARY KEY (telefono_pk));

Table created.

SQL> ------------------------------------------------------------------
SQL> 
SQL> 
SQL> SHOW USER
USER is "C##FZBINDEN0855"
SQL> SELECT systimestamp FROM dual;

SYSTIMESTAMP                                                                                                                                                                                                      
---------------------------------------------------------------------------                                                                                                                                       
26-DEC-24 11.23.13.219000 AM -04:00                                                                                                                                                                               

SQL> ------------------------------------------------------------------
SQL> --    Creacion tabla TABLA-2 nivel-1                             -
SQL> ------------------------------------------------------------------
SQL> CREATE TABLE item (
  2      id_pk                        VARCHAR2(7)NOT NULL,
  3      nombre                       VARCHAR2(25)NOT NULL,
  4      descripcion                  VARCHAR2(50)NOT NULL,
  5  	CONSTRAINT item_id_pk        PRIMARY KEY (id_pk));

Table created.

SQL> ------------------------------------------------------------------
SQL> 
SQL> 
SQL> SHOW USER
USER is "C##FZBINDEN0855"
SQL> SELECT systimestamp FROM dual;

SYSTIMESTAMP                                                                                                                                                                                                      
---------------------------------------------------------------------------                                                                                                                                       
26-DEC-24 11.23.13.227000 AM -04:00                                                                                                                                                                               

SQL> ------------------------------------------------------------------
SQL> --    Creacion tabla TABLA-3 nivel-1                             -
SQL> ------------------------------------------------------------------
SQL> CREATE TABLE gym (
  2      id_pk                        VARCHAR2(7)NOT NULL,
  3      nombre                       VARCHAR2(25)NOT NULL,
  4      descripcion                  VARCHAR2(50)NOT NULL,
  5      latitud                      VARCHAR2(50)NOT NULL,
  6      longitud                     VARCHAR2(50)NOT NULL,
  7  	CONSTRAINT gym_id_pk         PRIMARY KEY (id_pk));

Table created.

SQL> ------------------------------------------------------------------
SQL> 
SQL> 
SQL> SHOW USER
USER is "C##FZBINDEN0855"
SQL> SELECT systimestamp FROM dual;

SYSTIMESTAMP                                                                                                                                                                                                      
---------------------------------------------------------------------------                                                                                                                                       
26-DEC-24 11.23.13.236000 AM -04:00                                                                                                                                                                               

SQL> ------------------------------------------------------------------
SQL> --    Creacion tabla TABLA-4 nivel-1                             -
SQL> ------------------------------------------------------------------
SQL> CREATE TABLE parada (
  2      id_pk                         VARCHAR2(7)NOT NULL,
  3      nombre                        VARCHAR2(25)NOT NULL,
  4      descripcion                   VARCHAR2(50)NOT NULL,
  5      latitud                       VARCHAR2(50)NOT NULL,
  6      longitud                      VARCHAR2(50)NOT NULL,
  7      comentario                    VARCHAR2(50)NOT NULL,
  8      CONSTRAINT parada_id_pk       PRIMARY KEY (id_pk));

Table created.

SQL> ------------------------------------------------------------------
SQL> 
SQL> 
SQL> SHOW USER
USER is "C##FZBINDEN0855"
SQL> SELECT systimestamp FROM dual;

SYSTIMESTAMP                                                                                                                                                                                                      
---------------------------------------------------------------------------                                                                                                                                       
26-DEC-24 11.23.13.244000 AM -04:00                                                                                                                                                                               

SQL> ------------------------------------------------------------------
SQL> --    Creacion tabla TABLA-5 nivel-1                             -
SQL> ------------------------------------------------------------------
SQL> CREATE TABLE tipo (
  2  	numero_pk					  VARCHAR2(7)NOT NULL,
  3      nombre                        VARCHAR2(25)NOT NULL,
  4      descripcion                   VARCHAR2(50)NOT NULL,
  5      CONSTRAINT tipo_numero_pk       PRIMARY KEY (numero_pk));

Table created.

SQL> -- ---------------------------------------------------------------
SQL> 
SQL> 
SQL> SHOW USER
USER is "C##FZBINDEN0855"
SQL> SELECT systimestamp FROM dual;

SYSTIMESTAMP                                                                                                                                                                                                      
---------------------------------------------------------------------------                                                                                                                                       
26-DEC-24 11.23.13.251000 AM -04:00                                                                                                                                                                               

SQL> ------------------------------------------------------------------
SQL> --    Creacion tabla TABLA-6 nivel-1                             -
SQL> ------------------------------------------------------------------
SQL> CREATE TABLE ataque (
  2      id_pk                         VARCHAR2(7)NOT NULL,
  3      numero_tipo_fk                VARCHAR2(7)NOT NULL,
  4      nombre                        VARCHAR2(25)NOT NULL,
  5      descripcion                   VARCHAR2(70),
  6  	CONSTRAINT ataque_id_pk       PRIMARY KEY (id_pk),
  7      FOREIGN KEY (numero_tipo_fk)  REFERENCES tipo(numero_pk));

Table created.

SQL> ------------------------------------------------------------------
SQL> 
SQL> 
SQL> SHOW USER
USER is "C##FZBINDEN0855"
SQL> SELECT systimestamp FROM dual;

SYSTIMESTAMP                                                                                                                                                                                                      
---------------------------------------------------------------------------                                                                                                                                       
26-DEC-24 11.23.13.260000 AM -04:00                                                                                                                                                                               

SQL> ------------------------------------------------------------------
SQL> --    Creacion tabla TABLA-7 nivel-2                             -
SQL> ------------------------------------------------------------------
SQL> CREATE TABLE jugador (
  2      celular_cuenta_pk_fk          VARCHAR2(12)NOT NULL,
  3      fecha_nacimiento_pk           DATE NOT NULL,
  4      nombre                        VARCHAR2(25)NOT NULL,
  5      apellido                      VARCHAR2(25)NOT NULL,
  6  	apellido_materno              VARCHAR2(25),
  7  	linea_1                       VARCHAR2(100)NOT NULL,
  8  	linea_2                       VARCHAR2(100)NOT NULL,
  9  	ciudad                        VARCHAR2(25)NOT NULL,
 10  	estado                        VARCHAR2(25)NOT NULL,
 11      zipcode                       VARCHAR2(6)NOT NULL,
 12      color                         VARCHAR2(20)NOT NULL,
 13  	comentario                    VARCHAR2(100)NOT NULL,
 14      FOREIGN KEY (celular_cuenta_pk_fk) REFERENCES cuenta(telefono_pk),
 15  	CONSTRAINT jugador_celu_fecha PRIMARY KEY (celular_cuenta_pk_fk, fecha_nacimiento_pk));

Table created.

SQL> ------------------------------------------------------------------
SQL> 
SQL> 
SQL> SHOW USER
USER is "C##FZBINDEN0855"
SQL> SELECT systimestamp FROM dual;

SYSTIMESTAMP                                                                                                                                                                                                      
---------------------------------------------------------------------------                                                                                                                                       
26-DEC-24 11.23.13.276000 AM -04:00                                                                                                                                                                               

SQL> ------------------------------------------------------------------
SQL> --    Creacion tabla TABLA-8 nivel-2                             -
SQL> ------------------------------------------------------------------
SQL> CREATE TABLE inventario (
  2      cel_cuent_pk_fk1             VARCHAR2(12)NOT NULL,
  3      id_item_pk_fk2               VARCHAR2(7)NOT NULL,
  4      cantidad                     VARCHAR2(12)NOT NULL,
  5      FOREIGN KEY (id_item_pk_fk2) REFERENCES item(id_pk),
  6  	FOREIGN KEY (cel_cuent_pk_fk1)  REFERENCES cuenta(telefono_pk),
  7      CONSTRAINT inve_cuen_item_pk  PRIMARY KEY (id_item_pk_fk2, cel_cuent_pk_fk1));

Table created.

SQL> ------------------------------------------------------------------
SQL> 
SQL> 
SQL> SHOW USER
USER is "C##FZBINDEN0855"
SQL> SELECT systimestamp FROM dual;

SYSTIMESTAMP                                                                                                                                                                                                      
---------------------------------------------------------------------------                                                                                                                                       
26-DEC-24 11.23.13.283000 AM -04:00                                                                                                                                                                               

SQL> ------------------------------------------------------------------
SQL> --    Creacion tabla TABLA-9 nivel-2                             -
SQL> ------------------------------------------------------------------
SQL> CREATE TABLE freakydex (
  2      id_pk                        VARCHAR2(7) NOT NULL,
  3      cel_cuenta_juego_fk1         VARCHAR2(12) NOT NULL,
  4      fecha_naci_juego_fk2         DATE NOT NULL,
  5      nombre                       VARCHAR2(25),
  6      evolucion                    VARCHAR2(25) NOT NULL,
  7      dulces_acumu                 VARCHAR2(5) NOT NULL,
  8      dulces_xl_acumul             VARCHAR2(5) NOT NULL,
  9      CONSTRAINT freakydex_id_pk   PRIMARY KEY (id_pk),
 10      FOREIGN KEY (cel_cuenta_juego_fk1, fecha_naci_juego_fk2)
 11          REFERENCES jugador(celular_cuenta_pk_fk, fecha_nacimiento_pk));

Table created.

SQL> ------------------------------------------------------------------
SQL> 
SQL> 
SQL> SHOW USER
USER is "C##FZBINDEN0855"
SQL> SELECT systimestamp FROM dual;

SYSTIMESTAMP                                                                                                                                                                                                      
---------------------------------------------------------------------------                                                                                                                                       
26-DEC-24 11.23.13.293000 AM -04:00                                                                                                                                                                               

SQL> -------------------------------------------------------------------
SQL> --    Creacion tabla TABLA-10 nivel-2                             -
SQL> -------------------------------------------------------------------
SQL> CREATE TABLE mon (
  2      id_pk                         VARCHAR2(7)NOT NULL,
  3      id_dex_fk                     VARCHAR2(50)NOT NULL,
  4  	genero                        VARCHAR2(2)NOT NULL,
  5  	hp                            VARCHAR2(7)NOT NULL,
  6      barrio                        VARCHAR2(50)NOT NULL,
  7  	ciudad                        VARCHAR2(50)NOT NULL,
  8      estado                        VARCHAR2(50)NOT NULL,
  9      zipcode                       VARCHAR2(50)NOT NULL,
 10  	fecha_captura                 TIMESTAMP(9) NOT NULL,
 11  	comentario                    VARCHAR2(100),
 12  	cp                            VARCHAR2(10)NOT NULL,
 13      cantidad_victoria             VARCHAR2(10)NOT NULL,
 14  	estrella                      VARCHAR2(3)NOT NULL,
 15  	peso                          VARCHAR2(10)NOT NULL,
 16  	estatura                      VARCHAR2(6)NOT NULL,
 17  	CONSTRAINT mon_id_pk          PRIMARY KEY (id_pk),
 18      FOREIGN KEY (id_dex_fk)       REFERENCES freakydex(id_pk));

Table created.

SQL> ------------------------------------------------------------------
SQL> 
SQL> 
SQL> SHOW USER
USER is "C##FZBINDEN0855"
SQL> SELECT systimestamp FROM dual;

SYSTIMESTAMP                                                                                                                                                                                                      
---------------------------------------------------------------------------                                                                                                                                       
26-DEC-24 11.23.13.313000 AM -04:00                                                                                                                                                                               

SQL> ------------------------------------------------------------------
SQL> --    Creacion tabla TABLA-11 nivel-3                            -
SQL> ------------------------------------------------------------------
SQL> CREATE TABLE agarre (
  2      fecha_pk                              TIMESTAMP(9) NOT NULL,
  3      cel_cuenta_jugador_pk_fk1             VARCHAR2(12)NOT NULL,
  4      fecha_nacim_juga_pk_fk2               DATE NOT NULL,
  5      id_mon_pk_fk3                         VARCHAR2(7)NOT NULL,
  6      CONSTRAINT agarre_fech_cuen_naci_mon_pk PRIMARY KEY (fecha_pk, cel_cuenta_jugador_pk_fk1, fecha_nacim_juga_pk_fk2,id_mon_pk_fk3),
  7      FOREIGN KEY (cel_cuenta_jugador_pk_fk1, fecha_nacim_juga_pk_fk2) REFERENCES jugador(celular_cuenta_pk_fk, fecha_nacimiento_pk),
  8      FOREIGN KEY (id_mon_pk_fk3)           REFERENCES mon(id_pk));

Table created.

SQL> ------------------------------------------------------------------
SQL> 
SQL> 
SQL> SHOW USER
USER is "C##FZBINDEN0855"
SQL> SELECT systimestamp FROM dual;

SYSTIMESTAMP                                                                                                                                                                                                      
---------------------------------------------------------------------------                                                                                                                                       
26-DEC-24 11.23.13.325000 AM -04:00                                                                                                                                                                               

SQL> ------------------------------------------------------------------
SQL> --    Creacion tabla TABLA-12 nivel-3                            -
SQL> ------------------------------------------------------------------
SQL> CREATE TABLE girada (
  2      id_pk                                  VARCHAR2(7)NOT NULL,
  3      celu_cuenta_jugada_pk_fk1              VARCHAR2(12)NOT NULL,
  4      fecha_naci_juga_pk_fk2                 DATE NOT NULL,
  5      id_item_pk_fk3                         VARCHAR2(7)NOT NULL,
  6      id_gym_fk4                             VARCHAR2(7),
  7      id_parada_fk5                          VARCHAR2(7),
  8      fecha_h_m                              TIMESTAMP(9) NOT NULL,
  9      cantidad                               VARCHAR2(7)NOT NULL,
 10      CONSTRAINT girada_celu_fecha_item_pk    PRIMARY KEY (id_pk, celu_cuenta_jugada_pk_fk1, fecha_naci_juga_pk_fk2, id_item_pk_fk3),
 11  	FOREIGN KEY (celu_cuenta_jugada_pk_fk1, fecha_naci_juga_pk_fk2)  REFERENCES jugador(celular_cuenta_pk_fk, fecha_nacimiento_pk),
 12      FOREIGN KEY (id_item_pk_fk3)            REFERENCES item(id_pk),
 13      FOREIGN KEY (id_gym_fk4)                REFERENCES gym(id_pk),
 14      FOREIGN KEY (id_parada_fk5)             REFERENCES parada(id_pk));

Table created.

SQL> ------------------------------------------------------------------
SQL> 
SQL> SHOW USER
USER is "C##FZBINDEN0855"
SQL> SELECT systimestamp FROM dual;

SYSTIMESTAMP                                                                                                                                                                                                      
---------------------------------------------------------------------------                                                                                                                                       
26-DEC-24 11.23.13.338000 AM -04:00                                                                                                                                                                               

SQL> ------------------------------------------------------------------
SQL> --    Creacion tabla tabla-13    nivel-3                         -
SQL> ------------------------------------------------------------------
SQL> CREATE TABLE tipo_mon (
  2      id_fmon_pk_fk1                          VARCHAR2(7),
  3      num_tipo_pk_fk2                         VARCHAR2(7),
  4      CONSTRAINT tipo_mon_fmon_tipo_pk        PRIMARY KEY (id_fmon_pk_fk1, num_tipo_pk_fk2),
  5      FOREIGN KEY (id_fmon_pk_fk1)            REFERENCES mon(id_pk),
  6      FOREIGN KEY (num_tipo_pk_fk2)           REFERENCES tipo(numero_pk));

Table created.

SQL> ------------------------------------------------------------------
SQL> 
SQL> SHOW USER
USER is "C##FZBINDEN0855"
SQL> SELECT systimestamp FROM dual;

SYSTIMESTAMP                                                                                                                                                                                                      
---------------------------------------------------------------------------                                                                                                                                       
26-DEC-24 11.23.13.344000 AM -04:00                                                                                                                                                                               

SQL> ------------------------------------------------------------------
SQL> --    Creacion tabla tabla-14  nivel-3                           -
SQL> ------------------------------------------------------------------
SQL> CREATE TABLE tipo_ataque (
  2      id_tipo_pk_fk                           VARCHAR2(7),
  3  	id_ataque_pk_fk2                        VARCHAR2(7),
  4      CONSTRAINT tipo_ataque_pk               PRIMARY KEY (id_ataque_pk_fk2, id_tipo_pk_fk),
  5      FOREIGN KEY (id_ataque_pk_fk2)           REFERENCES ataque(id_pk),
  6      FOREIGN KEY (id_tipo_pk_fk)             REFERENCES tipo(numero_pk));

Table created.

SQL> -- ----------------------------------------------------------------
SQL> 
SQL> 
SQL> SHOW USER
USER is "C##FZBINDEN0855"
SQL> SELECT systimestamp FROM dual;

SYSTIMESTAMP                                                                                                                                                                                                      
---------------------------------------------------------------------------                                                                                                                                       
26-DEC-24 11.23.13.353000 AM -04:00                                                                                                                                                                               

SQL> ------------------------------------------------------------------
SQL> --    Creacion tabla tabla-15  nivel-3                           -
SQL> ------------------------------------------------------------------
SQL> CREATE TABLE pelea (
  2      id_gym_pk_fk1                           VARCHAR2(7),
  3      id_mon_pk_fk2                           VARCHAR2(7),
  4      fecha_h_m_pk3                           TIMESTAMP(9) NOT NULL,
  5  	CONSTRAINT pelea_gym_mon_fecha_pk       PRIMARY KEY (id_mon_pk_fk2, id_gym_pk_fk1, fecha_h_m_pk3),
  6      FOREIGN KEY (id_mon_pk_fk2) REFERENCES mon(id_pk),
  7      FOREIGN KEY (id_gym_pk_fk1) REFERENCES gym(id_pk));

Table created.

SQL> -- ----------------------------------------------------------------
SQL> 
SQL> 
SQL> 
SQL> SHOW USER
USER is "C##FZBINDEN0855"
SQL> SELECT systimestamp FROM dual;

SYSTIMESTAMP                                                                                                                                                                                                      
---------------------------------------------------------------------------                                                                                                                                       
26-DEC-24 11.23.13.360000 AM -04:00                                                                                                                                                                               

SQL> ------------------------------------------------------------------
SQL> --    Creacion tabla tabla-16  nivel-3                           -
SQL> ------------------------------------------------------------------
SQL> CREATE TABLE gym_mon (
  2      id_gym_pk_fk1                           VARCHAR2(7),
  3      id_mon_pk_fk2                           VARCHAR2(7) NOT NULL,
  4      fecha_h_captura_pk3                     TIMESTAMP(9) NOT NULL,
  5  	fecha_h_darrota_pk4                     TIMESTAMP(9) NOT NULL,
  6  	CONSTRAINT gym_mon_fecha_pk       PRIMARY KEY (id_mon_pk_fk2, id_gym_pk_fk1, fecha_h_captura_pk3, fecha_h_darrota_pk4),
  7      FOREIGN KEY (id_mon_pk_fk2) REFERENCES mon(id_pk),
  8      FOREIGN KEY (id_gym_pk_fk1) REFERENCES gym(id_pk));

Table created.

SQL> -- ----------------------------------------------------------------
SQL> 
SQL> COMMIT;

Commit complete.

SQL> 
SQL> 
SQL> 
SQL> SHOW USER
USER is "C##FZBINDEN0855"
SQL> SELECT systimestamp FROM dual;

SYSTIMESTAMP                                                                                                                                                                                                      
---------------------------------------------------------------------------                                                                                                                                       
26-DEC-24 11.23.13.371000 AM -04:00                                                                                                                                                                               

SQL> ------------------------------------------------------------------
SQL> --    Insertar datos tabla: cuenta-1                              -
SQL> ------------------------------------------------------------------
SQL> INSERT INTO cuenta VALUES ('1234567890', 'Juan Perez', 'Password123!', TIMESTAMP '2024-01-01 10:00:00', TIMESTAMP '2024-01-02 11:00:00', '0', TIMESTAMP '2024-12-31 23:59:59');

1 row created.

SQL> INSERT INTO cuenta VALUES ('2345678901', 'Maria Gomez', 'SecurePass456$', TIMESTAMP '2024-02-15 08:30:00', TIMESTAMP '2024-02-16 09:15:00', '1', TIMESTAMP '2025-01-15 23:59:59');

1 row created.

SQL> INSERT INTO cuenta VALUES ('3456789012', 'Carlos Lopez', 'Qwerty789&', TIMESTAMP '2024-03-20 15:45:00', TIMESTAMP '2024-03-21 16:00:00', '0', TIMESTAMP '2024-09-20 23:59:59');

1 row created.

SQL> INSERT INTO cuenta VALUES ('4567890123', 'Ana Martinez', 'Admin1234%', TIMESTAMP '2024-04-10 12:20:00', TIMESTAMP '2024-04-11 13:25:00', '2', TIMESTAMP '2025-04-10 23:59:59');

1 row created.

SQL> INSERT INTO cuenta VALUES ('5678901234', 'Luis Rivera', 'Zxcvbn654!', TIMESTAMP '2024-05-05 14:10:00', TIMESTAMP '2024-05-06 15:35:00', '0', TIMESTAMP '2025-05-05 23:59:59');

1 row created.

SQL> INSERT INTO cuenta VALUES ('6789012345', 'Laura Torres', 'Passw0rd!', TIMESTAMP '2024-06-25 09:05:00', TIMESTAMP '2024-06-26 10:10:00', '3', TIMESTAMP '2024-12-25 23:59:59');

1 row created.

SQL> INSERT INTO cuenta VALUES ('7890123456', 'Pedro Sanchez', 'AbcDef123$', TIMESTAMP '2024-07-15 11:50:00', TIMESTAMP '2024-07-16 12:45:00', '1', TIMESTAMP '2024-11-15 23:59:59');

1 row created.

SQL> INSERT INTO cuenta VALUES ('8901234567', 'Sofia Ramirez', 'MyPass987&', TIMESTAMP '2024-08-30 17:40:00', TIMESTAMP '2024-08-31 18:15:00', '0', TIMESTAMP '2025-08-30 23:59:59');

1 row created.

SQL> INSERT INTO cuenta VALUES ('9012345678', 'Diego Chavez', 'Pass!word99', TIMESTAMP '2024-09-10 13:25:00', TIMESTAMP '2024-09-11 14:35:00', '2', TIMESTAMP '2024-09-10 23:59:59');

1 row created.

SQL> INSERT INTO cuenta VALUES ('0123456789', 'Elena Moreno', 'SecretKey123!', TIMESTAMP '2024-10-22 16:10:00', TIMESTAMP '2024-10-23 17:20:00', '0', TIMESTAMP '2025-10-22 23:59:59');

1 row created.

SQL> ------------------------------------------------------------------
SQL> 
SQL> 
SQL> SHOW USER
USER is "C##FZBINDEN0855"
SQL> SELECT systimestamp FROM dual;

SYSTIMESTAMP                                                                                                                                                                                                      
---------------------------------------------------------------------------                                                                                                                                       
26-DEC-24 11.23.13.398000 AM -04:00                                                                                                                                                                               

SQL> ------------------------------------------------------------------
SQL> --    Insertar datos tabla: item-2                               -
SQL> ------------------------------------------------------------------
SQL> INSERT INTO item VALUES ('I001', 'Pok‚ball', 'Used to catch mons');

1 row created.

SQL> INSERT INTO item VALUES ('I002', 'Superpoci¢n', 'Heals 50 HP');

1 row created.

SQL> INSERT INTO item VALUES ('I003', 'Revivir', 'Revives a fainted monster');

1 row created.

SQL> INSERT INTO item VALUES ('I004', 'Bayas', 'Various berry types');

1 row created.

SQL> INSERT INTO item VALUES ('I005', 'Incubadora', 'Incubates monster eggs');

1 row created.

SQL> INSERT INTO item VALUES ('I006', 'Huevo Suerte', 'Doubles experience points');

1 row created.

SQL> INSERT INTO item VALUES ('I007', 'Caramelos', 'Enhances monster stats');

1 row created.

SQL> INSERT INTO item VALUES ('I008', 'Radar', 'Locates rare monsters');

1 row created.

SQL> INSERT INTO item VALUES ('I009', 'Pocion Max', 'Fully restores HP');

1 row created.

SQL> INSERT INTO item VALUES ('I010', 'M¢dulo Cebo', 'Attracts monsters to stops');

1 row created.

SQL> ------------------------------------------------------------------
SQL> 
SQL> 
SQL> SHOW USER
USER is "C##FZBINDEN0855"
SQL> SELECT systimestamp FROM dual;

SYSTIMESTAMP                                                                                                                                                                                                      
---------------------------------------------------------------------------                                                                                                                                       
26-DEC-24 11.23.13.419000 AM -04:00                                                                                                                                                                               

SQL> ------------------------------------------------------------------
SQL> --    Insertar datos tabla: gym-1                                -
SQL> ------------------------------------------------------------------
SQL> INSERT INTO gym VALUES ('00001', 'Gym Pok‚mon', 'The ultimate training gym', '18.4655', '66.1057');

1 row created.

SQL> INSERT INTO gym VALUES ('00002', 'Gym Arena', 'A competitive battle arena', '18.4700', '66.1100');

1 row created.

SQL> INSERT INTO gym VALUES ('00003', 'Battle Hub', 'Gym known for fierce battles', '18.4500', '66.1150');

1 row created.

SQL> INSERT INTO gym VALUES ('00004', 'Elite Gym', 'Exclusive gym for top trainers', '18.4600', '66.1200');

1 row created.

SQL> INSERT INTO gym VALUES ('00005', 'Water Gym', 'Gym with water-based challenges', '18.4800', '66.1300');

1 row created.

SQL> INSERT INTO gym VALUES ('00006', 'Fire Gym', 'Gym specializing in fire-type', '18.4400', '66.1400');

1 row created.

SQL> INSERT INTO gym VALUES ('00007', 'Electric Gym', 'Gym for electric-type trainers', '18.4705', '66.1500');

1 row created.

SQL> INSERT INTO gym VALUES ('00008', 'Psychic Gym', 'Gym for psychic-type Pok‚mon', '18.4505', '66.1550');

1 row created.

SQL> INSERT INTO gym VALUES ('00009', 'Grass Gym', 'Gym for nature-loving trainers', '18.4605', '66.1450');

1 row created.

SQL> INSERT INTO gym VALUES ('00010', 'Rock Gym', 'Gym focused on rock-type battles', '18.4650', '66.1250');

1 row created.

SQL> ------------------------------------------------------------------
SQL> 
SQL> 
SQL> SHOW USER
USER is "C##FZBINDEN0855"
SQL> SELECT systimestamp FROM dual;

SYSTIMESTAMP                                                                                                                                                                                                      
---------------------------------------------------------------------------                                                                                                                                       
26-DEC-24 11.23.13.457000 AM -04:00                                                                                                                                                                               

SQL> ------------------------------------------------------------------
SQL> --    Insertar datos tabla: parada-1                             -
SQL> ------------------------------------------------------------------
SQL> INSERT INTO parada VALUES ('00001', 'El Refugio Verde', 'A hidden gem in the forest', '18.4655', '66.1057', 'Ideal for hikers and nature lovers.');

1 row created.

SQL> INSERT INTO parada VALUES ('00002', 'La Plaza Dorada', 'Bustling stop near the city center', '18.4700', '66.1100', 'Surrounded by cafes and shops.');

1 row created.

SQL> INSERT INTO parada VALUES ('00003', 'El Lago Sereno', 'Quiet spot by the shimmering lake', '18.4500', '66.1150', 'Perfect for a relaxing pause.');

1 row created.

SQL> INSERT INTO parada VALUES ('00004', 'La Cima Secreta', 'High up near the mountain trail', '18.4600', '66.1200', 'Great for nature walks and adventurers.');

1 row created.

SQL> INSERT INTO parada VALUES ('00005', 'El Mercado Vivo', 'A lively stop near the local market', '18.4800', '66.1300', 'A popular place for locals to meet.');

1 row created.

SQL> INSERT INTO parada VALUES ('00006', 'El Descanso Solitario', 'A peaceful stop on the highway', '18.4400', '66.1400', 'Ideal for travelers seeking solitude.');

1 row created.

SQL> INSERT INTO parada VALUES ('00007', 'La Brisa Marina', 'A stop by the coastal breeze', '18.4705', '66.1500', 'Perfect for a scenic break by the sea.');

1 row created.

SQL> INSERT INTO parada VALUES ('00008', 'El Portal Silencioso', 'Rest stop by the park entrance', '18.4505', '66.1550', 'Quiet and peaceful, perfect for a moment of calm.');

1 row created.

SQL> INSERT INTO parada VALUES ('00009', 'La Costa Dorada', 'Rest stop with a golden beach view', '18.4605', '66.1450', 'A favorite among beachgoers.');

1 row created.

SQL> INSERT INTO parada VALUES ('00010', 'El Tren Estelar', 'Convenient stop next to the train station', '18.4650', '66.1250', 'Busy and ideal for commuters.');

1 row created.

SQL> ------------------------------------------------------------------
SQL> 
SQL> 
SQL> SHOW USER
USER is "C##FZBINDEN0855"
SQL> SELECT systimestamp FROM dual;

SYSTIMESTAMP                                                                                                                                                                                                      
---------------------------------------------------------------------------                                                                                                                                       
26-DEC-24 11.23.13.480000 AM -04:00                                                                                                                                                                               

SQL> ------------------------------------------------------------------
SQL> --    Insertar datos tabla: tipo-1                               -
SQL> ------------------------------------------------------------------
SQL> INSERT INTO tipo VALUES ('00001', 'Rock', 'A type associated with the strength of');

1 row created.

SQL> INSERT INTO tipo VALUES ('00002', 'Dark', 'A mysterious type, related to darkness.');

1 row created.

SQL> INSERT INTO tipo VALUES ('00003', 'Dragon', 'A majestic and powerful type.');

1 row created.

SQL> INSERT INTO tipo VALUES ('00004', 'Flying', 'An agile type, capable of .');

1 row created.

SQL> INSERT INTO tipo VALUES ('00005', 'Water', 'A fluid type, representing ');

1 row created.

SQL> INSERT INTO tipo VALUES ('00006', 'Ground', 'A type related to soil and stability.');

1 row created.

SQL> INSERT INTO tipo VALUES ('00007', 'Steel', 'A resilient type, as strong.');

1 row created.

SQL> INSERT INTO tipo VALUES ('00008', 'Fighting', 'A type related to physical .');

1 row created.

SQL> INSERT INTO tipo VALUES ('00009', 'Fire', 'A destructive type, associated');

1 row created.

SQL> INSERT INTO tipo VALUES ('00010', 'Bug', 'A type related to insects and.');

1 row created.

SQL> -------------------------------------------------------------------
SQL> 
SQL> 
SQL> SHOW USER
USER is "C##FZBINDEN0855"
SQL> SELECT systimestamp FROM dual;

SYSTIMESTAMP                                                                                                                                                                                                      
---------------------------------------------------------------------------                                                                                                                                       
26-DEC-24 11.23.13.509000 AM -04:00                                                                                                                                                                               

SQL> ------------------------------------------------------------------
SQL> ---   Insertar datos tabla: ataque-1                             -
SQL> ------------------------------------------------------------------
SQL> INSERT INTO ataque VALUES ('00001', '00001', 'Counter', 'A counterattack that strikes back when the opponent hits.');

1 row created.

SQL> INSERT INTO ataque VALUES ('00002', '00002', 'Close Combat', 'A fighting move that delivers a strong close-range punch.');

1 row created.

SQL> INSERT INTO ataque VALUES ('00003', '00003', 'Bullet Seed', 'A rapid-fire grass-type attack that shoots seeds at the opponent.');

1 row created.

SQL> INSERT INTO ataque VALUES ('00004', '00004', 'Dragon Pulse', 'A dragon-type move that launches a pulse of dragon energy.');

1 row created.

SQL> INSERT INTO ataque VALUES ('00005', '00005', 'Thunder', 'A powerful electric attack that strikes with lightning.');

1 row created.

SQL> INSERT INTO ataque VALUES ('00006', '00006', 'Dragon Tail', 'A dragon-type attack using the users tail to strike the opponent.');

1 row created.

SQL> INSERT INTO ataque VALUES ('00007', '00007', 'Megahorn', 'A strong bug-type move that strikes with a horn-like attack.');

1 row created.

SQL> INSERT INTO ataque VALUES ('00008', '00008', 'Iron Tail', 'A steel-based attack where the user strikes with a metal tail.');

1 row created.

SQL> INSERT INTO ataque VALUES ('00009', '00009', 'Stone Edge', 'A rock-type move that launches sharp stones toward the opponent.');

1 row created.

SQL> INSERT INTO ataque VALUES ('00010', '00010', 'Bullet Punch', 'A quick and strong punch, often used in close combat.');

1 row created.

SQL> -------------------------------------------------------------------
SQL> 
SQL> 
SQL> SHOW USER
USER is "C##FZBINDEN0855"
SQL> SELECT systimestamp FROM dual;

SYSTIMESTAMP                                                                                                                                                                                                      
---------------------------------------------------------------------------                                                                                                                                       
26-DEC-24 11.23.13.532000 AM -04:00                                                                                                                                                                               

SQL> ------------------------------------------------------------------
SQL> --    Insertar datos tabla: jugador-1                            -
SQL> ------------------------------------------------------------------
SQL> INSERT INTO jugador VALUES ('1234567890', TO_DATE('01-JAN-1990', 'DD-MON-YYYY'), 'John', 'Doe', 'Smith', '123 Elm Street', 'Apt 4B', 'Los Angeles', 'California', '90001', 'Red', 'Enjoys hiking and fishing.');

1 row created.

SQL> INSERT INTO jugador VALUES ('2345678901', TO_DATE('15-MAR-1985', 'DD-MON-YYYY'), 'Emily', 'White', 'Johnson', '456 Maple Avenue', 'Suite 300', 'Miami', 'Florida', '33101', 'Blue', 'Avid traveler and foodie.');

1 row created.

SQL> INSERT INTO jugador VALUES ('3456789012', TO_DATE('22-SEP-1992', 'DD-MON-YYYY'), 'Robert', 'Green', 'Taylor', '789 Pine Road', 'Unit 2', 'New York', 'New York', '10001', 'Yellow', 'Passionate about music.');

1 row created.

SQL> INSERT INTO jugador VALUES ('4567890123', TO_DATE('03-JUL-1988', 'DD-MON-YYYY'), 'Sarah', 'Black', 'Davis', '321 Oak Lane', 'Box 123', 'Chicago', 'Illinois', '60601', 'Blue', 'Loves painting and reading.');

1 row created.

SQL> INSERT INTO jugador VALUES ('5678901234', TO_DATE('17-AUG-1995', 'DD-MON-YYYY'), 'Michael', 'Brown', 'Lee', '654 Birch Street', 'Apt 9', 'San Francisco', 'California', '94101', 'Red', 'Enjoys coding and gaming.');

1 row created.

SQL> INSERT INTO jugador VALUES ('6789012345', TO_DATE('05-MAY-2000', 'DD-MON-YYYY'), 'Olivia', 'Harris', 'Moore', '987 Cedar Drive', 'Floor 1', 'Seattle', 'Washington', '98101', 'Yellow', 'Enthusiastic about sports.');

1 row created.

SQL> INSERT INTO jugador VALUES ('7890123456', TO_DATE('11-NOV-1993', 'DD-MON-YYYY'), 'William', 'Clark', 'Walker', '234 Elm Avenue', 'Apt 303', 'Dallas', 'Texas', '75201', 'Red', 'Interested in technology.');

1 row created.

SQL> INSERT INTO jugador VALUES ('8901234567', TO_DATE('23-FEB-1997', 'DD-MON-YYYY'), 'Ava', 'Lewis', 'King', '567 Maple Road', 'House 45', 'Boston', 'Massachusetts', '02101', 'Blue', 'Likes photography and movies.');

1 row created.

SQL> INSERT INTO jugador VALUES ('9012345678', TO_DATE('30-JUL-1986', 'DD-MON-YYYY'), 'James', 'Turner', 'Scott', '345 Cedar Street', 'Box 22', 'Austin', 'Texas', '73301', 'Yellow', 'Enjoys reading and fitness.');

1 row created.

SQL> INSERT INTO jugador VALUES ('0123456789', TO_DATE('21-DEC-1999', 'DD-MON-YYYY'), 'Isabella', 'Martinez', 'Garcia', '876 Birch Street', 'Apt 56', 'Denver', 'Colorado', '80201', 'Red', 'Loves traveling and music.');

1 row created.

SQL> ------------------------------------------------------------------
SQL> 
SQL> 
SQL> SHOW USER
USER is "C##FZBINDEN0855"
SQL> SELECT systimestamp FROM dual;

SYSTIMESTAMP                                                                                                                                                                                                      
---------------------------------------------------------------------------                                                                                                                                       
26-DEC-24 11.23.13.560000 AM -04:00                                                                                                                                                                               

SQL> ------------------------------------------------------------------
SQL> --    Datos de la tabla inventario-2                             -
SQL> ------------------------------------------------------------------
SQL> INSERT INTO inventario VALUES ('1234567890', 'I001', '50');

1 row created.

SQL> INSERT INTO inventario VALUES ('2345678901', 'I002', '30');

1 row created.

SQL> INSERT INTO inventario VALUES ('3456789012', 'I003', '100');

1 row created.

SQL> INSERT INTO inventario VALUES ('4567890123', 'I004', '200');

1 row created.

SQL> INSERT INTO inventario VALUES ('5678901234', 'I005', '60');

1 row created.

SQL> INSERT INTO inventario VALUES ('6789012345', 'I006', '120');

1 row created.

SQL> INSERT INTO inventario VALUES ('7890123456', 'I007', '75');

1 row created.

SQL> INSERT INTO inventario VALUES ('8901234567', 'I008', '40');

1 row created.

SQL> INSERT INTO inventario VALUES ('9012345678', 'I009', '90');

1 row created.

SQL> INSERT INTO inventario VALUES ('0123456789', 'I010', '150');

1 row created.

SQL> -- -------------------------------------------
SQL> 
SQL> 
SQL> SHOW USER
USER is "C##FZBINDEN0855"
SQL> SELECT systimestamp FROM dual;

SYSTIMESTAMP                                                                                                                                                                                                      
---------------------------------------------------------------------------                                                                                                                                       
26-DEC-24 11.23.13.594000 AM -04:00                                                                                                                                                                               

SQL> -------------------------------------------------------------------
SQL> --    Datos de la tabla freakydex-3                               -
SQL> -------------------------------------------------------------------
SQL> INSERT INTO freakydex VALUES ('10001', '1234567890', TO_DATE('01-JAN-1990', 'DD-MON-YYYY'), 'Thunderclaw', '3', '150', '10');

1 row created.

SQL> INSERT INTO freakydex VALUES ('10002', '2345678901', TO_DATE('15-MAR-1985', 'DD-MON-YYYY'), 'Fluffstorm', '1', '200', '15');

1 row created.

SQL> INSERT INTO freakydex VALUES ('10003', '3456789012', TO_DATE('22-SEP-1992', 'DD-MON-YYYY'), 'Rockbreaker', '2', '120', '12');

1 row created.

SQL> INSERT INTO freakydex VALUES ('10004', '4567890123', TO_DATE('03-JUL-1988', 'DD-MON-YYYY'), 'Aquafury', '1', '170', '18');

1 row created.

SQL> INSERT INTO freakydex VALUES ('10005', '5678901234', TO_DATE('17-AUG-1995', 'DD-MON-YYYY'), 'Ironclad', '3', '180', '20');

1 row created.

SQL> INSERT INTO freakydex VALUES ('10006', '6789012345', TO_DATE('05-MAY-2000', 'DD-MON-YYYY'), 'Psychovore', '2', '130', '14');

1 row created.

SQL> INSERT INTO freakydex VALUES ('10007', '7890123456', TO_DATE('11-NOV-1993', 'DD-MON-YYYY'), 'Pyroblade', '3', '160', '16');

1 row created.

SQL> INSERT INTO freakydex VALUES ('10008', '8901234567', TO_DATE('23-FEB-1997', 'DD-MON-YYYY'), 'Windrider', '1', '140', '13');

1 row created.

SQL> INSERT INTO freakydex VALUES ('10009', '9012345678', TO_DATE('30-JUL-1986', 'DD-MON-YYYY'), 'Beastflame', '2', '150', '15');

1 row created.

SQL> INSERT INTO freakydex VALUES ('10010', '0123456789', TO_DATE('21-DEC-1999', 'DD-MON-YYYY'), 'Venomdrake', '3', '190', '19');

1 row created.

SQL> -- -------------------------------------------
SQL> 
SQL> 
SQL> SHOW USER
USER is "C##FZBINDEN0855"
SQL> SELECT systimestamp FROM dual;

SYSTIMESTAMP                                                                                                                                                                                                      
---------------------------------------------------------------------------                                                                                                                                       
26-DEC-24 11.23.13.626000 AM -04:00                                                                                                                                                                               

SQL> ------------------------------------------------------------------
SQL> --    Datos de la tabla mon-4                                    -
SQL> ------------------------------------------------------------------
SQL> INSERT INTO mon VALUES ('10001', '10001', 'M', '120', 'Downtown', 'San Juan', 'Puerto Rico', '00901', TO_TIMESTAMP('2024-04-01 14:30:00', 'YYYY-MM-DD HH24:MI:SS'), 'First catch!', '3500', '12', '3', '150', '2.1');

1 row created.

SQL> INSERT INTO mon VALUES ('10002', '10002', 'F', '95', 'Hato Rey', 'San Juan', 'Puerto Rico', '00918', TO_TIMESTAMP('2024-04-02 10:15:00', 'YYYY-MM-DD HH24:MI:SS'), 'Strong defense', '2800', '9', '2', '80', '1.8');

1 row created.

SQL> INSERT INTO mon VALUES ('10003', '10003', 'M', '135', 'Isla Verde', 'Carolina', 'Puerto Rico', '00979', TO_TIMESTAMP('2024-04-03 09:20:00', 'YYYY-MM-DD HH24:MI:SS'), 'Quick capture', '4000', '15', '3', '200', '2.5');

1 row created.

SQL> INSERT INTO mon VALUES ('10004', '10004', 'F', '110', 'Condado', 'San Juan', 'Puerto Rico', '00907', TO_TIMESTAMP('2024-04-05 17:45:00', 'YYYY-MM-DD HH24:MI:SS'), 'Rare find!', '3200', '10', '3', '90', '1.6');

1 row created.

SQL> INSERT INTO mon VALUES ('10005', '10005', 'M', '140', 'Bayam¢n', 'Bayam¢n', 'Puerto Rico', '00961', TO_TIMESTAMP('2024-04-06 11:30:00', 'YYYY-MM-DD HH24:MI:SS'), 'Tough battle', '4500', '18', '3', '220', '2.8');

1 row created.

SQL> INSERT INTO mon VALUES ('10006', '10006', 'F', '80', 'Santurce', 'San Juan', 'Puerto Rico', '00911', TO_TIMESTAMP('2024-04-07 16:10:00', 'YYYY-MM-DD HH24:MI:SS'), 'Very agile', '2100', '6', '2', '75', '1.5');

1 row created.

SQL> INSERT INTO mon VALUES ('10007', '10007', 'M', '125', 'Caguas', 'Caguas', 'Puerto Rico', '00725', TO_TIMESTAMP('2024-04-08 12:25:00', 'YYYY-MM-DD HH24:MI:SS'), 'High CP potential', '3600', '14', '3', '160', '2.3');

1 row created.

SQL> INSERT INTO mon VALUES ('10008', '10008', 'F', '100', 'Ponce', 'Ponce', 'Puerto Rico', '00730', TO_TIMESTAMP('2024-04-09 13:40:00', 'YYYY-MM-DD HH24:MI:SS'), 'Surprising stats', '3000', '11', '2', '130', '1.9');

1 row created.

SQL> INSERT INTO mon VALUES ('10009', '10009', 'M', '90', 'Mayagez', 'Mayagez', 'Puerto Rico', '00680', TO_TIMESTAMP('2024-04-10 14:15:00', 'YYYY-MM-DD HH24:MI:SS'), 'Needs improvement', '2500', '7', '2', '95', '1.7');

1 row created.

SQL> INSERT INTO mon VALUES ('10010', '10010', 'F', '115', 'Guaynabo', 'Guaynabo', 'Puerto Rico', '00969', TO_TIMESTAMP('2024-04-11 10:50:00', 'YYYY-MM-DD HH24:MI:SS'), 'Favorite catch', '3400', '13', '3', '145', '2.0');

1 row created.

SQL> -------------------------------------------------------------------
SQL> 
SQL> 
SQL> SHOW USER
USER is "C##FZBINDEN0855"
SQL> SELECT systimestamp FROM dual;

SYSTIMESTAMP                                                                                                                                                                                                      
---------------------------------------------------------------------------                                                                                                                                       
26-DEC-24 11.23.13.653000 AM -04:00                                                                                                                                                                               

SQL> -------------------------------------------------------------------
SQL> --    Datos de la tabla agarre-4                                  -
SQL> -------------------------------------------------------------------
SQL> INSERT INTO agarre VALUES (TO_TIMESTAMP('2024-04-01 15:30:00', 'YYYY-MM-DD HH24:MI:SS'), '1234567890', TO_DATE('01-JAN-1990', 'DD-MON-YYYY'), '10001');

1 row created.

SQL> INSERT INTO agarre VALUES (TO_TIMESTAMP('2024-04-02 11:00:00', 'YYYY-MM-DD HH24:MI:SS'), '2345678901', TO_DATE('15-MAR-1985', 'DD-MON-YYYY'), '10002');

1 row created.

SQL> INSERT INTO agarre VALUES (TO_TIMESTAMP('2024-04-03 09:45:00', 'YYYY-MM-DD HH24:MI:SS'), '3456789012', TO_DATE('22-SEP-1992', 'DD-MON-YYYY'), '10003');

1 row created.

SQL> INSERT INTO agarre VALUES (TO_TIMESTAMP('2024-04-05 17:00:00', 'YYYY-MM-DD HH24:MI:SS'), '4567890123', TO_DATE('03-JUL-1988', 'DD-MON-YYYY'), '10004');

1 row created.

SQL> INSERT INTO agarre VALUES (TO_TIMESTAMP('2024-04-06 13:30:00', 'YYYY-MM-DD HH24:MI:SS'), '5678901234', TO_DATE('17-AUG-1995', 'DD-MON-YYYY'), '10005');

1 row created.

SQL> INSERT INTO agarre VALUES (TO_TIMESTAMP('2024-04-07 10:15:00', 'YYYY-MM-DD HH24:MI:SS'), '6789012345', TO_DATE('05-MAY-2000', 'DD-MON-YYYY'), '10006');

1 row created.

SQL> INSERT INTO agarre VALUES (TO_TIMESTAMP('2024-04-08 14:20:00', 'YYYY-MM-DD HH24:MI:SS'), '7890123456', TO_DATE('11-NOV-1993', 'DD-MON-YYYY'), '10007');

1 row created.

SQL> INSERT INTO agarre VALUES (TO_TIMESTAMP('2024-04-09 12:10:00', 'YYYY-MM-DD HH24:MI:SS'), '8901234567', TO_DATE('23-FEB-1997', 'DD-MON-YYYY'), '10008');

1 row created.

SQL> INSERT INTO agarre VALUES (TO_TIMESTAMP('2024-04-10 16:45:00', 'YYYY-MM-DD HH24:MI:SS'), '9012345678', TO_DATE('30-JUL-1986', 'DD-MON-YYYY'), '10009');

1 row created.

SQL> INSERT INTO agarre VALUES (TO_TIMESTAMP('2024-04-11 11:55:00', 'YYYY-MM-DD HH24:MI:SS'), '0123456789', TO_DATE('21-DEC-1999', 'DD-MON-YYYY'), '10010');

1 row created.

SQL> -------------------------------------------------------------------
SQL> 
SQL> 
SQL> SHOW USER
USER is "C##FZBINDEN0855"
SQL> SELECT systimestamp FROM dual;

SYSTIMESTAMP                                                                                                                                                                                                      
---------------------------------------------------------------------------                                                                                                                                       
26-DEC-24 11.23.13.676000 AM -04:00                                                                                                                                                                               

SQL> -------------------------------------------------------------------
SQL> --    Datos de la tabla girada-4                                  -
SQL> -------------------------------------------------------------------
SQL> INSERT INTO girada VALUES ('1', '1234567890', TO_DATE('01-JAN-1990', 'DD-MON-YYYY'), 'I001', '00001', '00001', TO_TIMESTAMP('2024-01-10 09:25:00', 'YYYY-MM-DD HH24:MI:SS'), '2');

1 row created.

SQL> INSERT INTO girada VALUES ('2', '2345678901', TO_DATE('15-MAR-1985', 'DD-MON-YYYY'), 'I002', '00002', '00002', TO_TIMESTAMP('2024-01-11 13:40:00', 'YYYY-MM-DD HH24:MI:SS'), '5');

1 row created.

SQL> INSERT INTO girada VALUES ('3', '3456789012', TO_DATE('22-SEP-1992', 'DD-MON-YYYY'), 'I003', '00003', '00003', TO_TIMESTAMP('2024-01-12 12:15:00', 'YYYY-MM-DD HH24:MI:SS'), '3');

1 row created.

SQL> INSERT INTO girada VALUES ('4', '4567890123', TO_DATE('03-JUL-1988', 'DD-MON-YYYY'), 'I004', '00004', '00004', TO_TIMESTAMP('2024-01-13 16:05:00', 'YYYY-MM-DD HH24:MI:SS'), '1');

1 row created.

SQL> INSERT INTO girada VALUES ('5', '5678901234', TO_DATE('17-AUG-1995', 'DD-MON-YYYY'), 'I005', '00005', '00005', TO_TIMESTAMP('2024-01-14 19:30:00', 'YYYY-MM-DD HH24:MI:SS'), '4');

1 row created.

SQL> INSERT INTO girada VALUES ('6', '6789012345', TO_DATE('05-MAY-2000', 'DD-MON-YYYY'), 'I006', '00006', '00006', TO_TIMESTAMP('2024-01-15 10:50:00', 'YYYY-MM-DD HH24:MI:SS'), '2');

1 row created.

SQL> INSERT INTO girada VALUES ('7', '7890123456', TO_DATE('11-NOV-1993', 'DD-MON-YYYY'), 'I007', '00007', '00007', TO_TIMESTAMP('2024-01-16 09:00:00', 'YYYY-MM-DD HH24:MI:SS'), '6');

1 row created.

SQL> INSERT INTO girada VALUES ('8', '8901234567', TO_DATE('23-FEB-1997', 'DD-MON-YYYY'), 'I008', '00008', '00008', TO_TIMESTAMP('2024-01-17 12:25:00', 'YYYY-MM-DD HH24:MI:SS'), '7');

1 row created.

SQL> INSERT INTO girada VALUES ('9', '9012345678', TO_DATE('30-JUL-1986', 'DD-MON-YYYY'), 'I009', '00009', '00009', TO_TIMESTAMP('2024-01-18 18:15:00', 'YYYY-MM-DD HH24:MI:SS'), '8');

1 row created.

SQL> INSERT INTO girada VALUES ('10', '0123456789', TO_DATE('21-DEC-1999', 'DD-MON-YYYY'), 'I010', '00010', '00010', TO_TIMESTAMP('2024-01-19 20:00:00', 'YYYY-MM-DD HH24:MI:SS'), '3');

1 row created.

SQL> -- ----------------------------------------------------------------
SQL> 
SQL> 
SQL> SHOW USER
USER is "C##FZBINDEN0855"
SQL> SELECT systimestamp FROM dual;

SYSTIMESTAMP                                                                                                                                                                                                      
---------------------------------------------------------------------------                                                                                                                                       
26-DEC-24 11.23.13.703000 AM -04:00                                                                                                                                                                               

SQL> -------------------------------------------------------------------
SQL> --    Datos de la tabla tipo_mon-4                                -
SQL> -------------------------------------------------------------------
SQL> 
SQL> INSERT INTO tipo_mon VALUES ('10001', '00001');

1 row created.

SQL> INSERT INTO tipo_mon VALUES ('10002', '00002');

1 row created.

SQL> INSERT INTO tipo_mon VALUES ('10003', '00003');

1 row created.

SQL> INSERT INTO tipo_mon VALUES ('10004', '00004');

1 row created.

SQL> INSERT INTO tipo_mon VALUES ('10005', '00005');

1 row created.

SQL> INSERT INTO tipo_mon VALUES ('10006', '00006');

1 row created.

SQL> INSERT INTO tipo_mon VALUES ('10007', '00007');

1 row created.

SQL> INSERT INTO tipo_mon VALUES ('10008', '00008');

1 row created.

SQL> INSERT INTO tipo_mon VALUES ('10009', '00009');

1 row created.

SQL> INSERT INTO tipo_mon VALUES ('10010', '00010');

1 row created.

SQL> ------------------------------------------------------------------
SQL> 
SQL> 
SQL> SHOW USER
USER is "C##FZBINDEN0855"
SQL> SELECT systimestamp FROM dual;

SYSTIMESTAMP                                                                                                                                                                                                      
---------------------------------------------------------------------------                                                                                                                                       
26-DEC-24 11.23.13.727000 AM -04:00                                                                                                                                                                               

SQL> ------------------------------------------------------------------
SQL> --    Datos de la tabla tipo_ataque-4                            -
SQL> ------------------------------------------------------------------
SQL> INSERT INTO tipo_ataque VALUES ('00001', '00001');

1 row created.

SQL> INSERT INTO tipo_ataque VALUES ('00002', '00002');

1 row created.

SQL> INSERT INTO tipo_ataque VALUES ('00003', '00003');

1 row created.

SQL> INSERT INTO tipo_ataque VALUES ('00004', '00004');

1 row created.

SQL> INSERT INTO tipo_ataque VALUES ('00005', '00005');

1 row created.

SQL> INSERT INTO tipo_ataque VALUES ('00006', '00006');

1 row created.

SQL> INSERT INTO tipo_ataque VALUES ('00007', '00007');

1 row created.

SQL> INSERT INTO tipo_ataque VALUES ('00008', '00008');

1 row created.

SQL> INSERT INTO tipo_ataque VALUES ('00009', '00009');

1 row created.

SQL> INSERT INTO tipo_ataque VALUES ('00010', '00010');

1 row created.

SQL> -------------------------------------------------------------------
SQL> 
SQL> 
SQL> SHOW USER
USER is "C##FZBINDEN0855"
SQL> SELECT systimestamp FROM dual;

SYSTIMESTAMP                                                                                                                                                                                                      
---------------------------------------------------------------------------                                                                                                                                       
26-DEC-24 11.23.13.757000 AM -04:00                                                                                                                                                                               

SQL> ------------------------------------------------------------------
SQL> --    Datos de la tabla pelea-4                                  -
SQL> ------------------------------------------------------------------
SQL> 
SQL> INSERT INTO pelea VALUES ('00001', '10001', TO_TIMESTAMP('2024-01-12 14:23:10', 'YYYY-MM-DD HH24:MI:SS'));

1 row created.

SQL> INSERT INTO pelea VALUES ('00002', '10002', TO_TIMESTAMP('2024-01-15 09:45:30', 'YYYY-MM-DD HH24:MI:SS'));

1 row created.

SQL> INSERT INTO pelea VALUES ('00003', '10003', TO_TIMESTAMP('2024-02-01 11:12:20', 'YYYY-MM-DD HH24:MI:SS'));

1 row created.

SQL> INSERT INTO pelea VALUES ('00004', '10004', TO_TIMESTAMP('2024-02-10 16:30:50', 'YYYY-MM-DD HH24:MI:SS'));

1 row created.

SQL> INSERT INTO pelea VALUES ('00005', '10005', TO_TIMESTAMP('2024-03-03 10:15:00', 'YYYY-MM-DD HH24:MI:SS'));

1 row created.

SQL> INSERT INTO pelea VALUES ('00006', '10006', TO_TIMESTAMP('2024-03-07 18:50:25', 'YYYY-MM-DD HH24:MI:SS'));

1 row created.

SQL> INSERT INTO pelea VALUES ('00007', '10007', TO_TIMESTAMP('2024-03-18 14:05:15', 'YYYY-MM-DD HH24:MI:SS'));

1 row created.

SQL> INSERT INTO pelea VALUES ('00008', '10008', TO_TIMESTAMP('2024-04-01 20:23:35', 'YYYY-MM-DD HH24:MI:SS'));

1 row created.

SQL> INSERT INTO pelea VALUES ('00009', '10009', TO_TIMESTAMP('2024-04-11 08:12:45', 'YYYY-MM-DD HH24:MI:SS'));

1 row created.

SQL> INSERT INTO pelea VALUES ('00010', '10010', TO_TIMESTAMP('2024-04-20 22:30:55', 'YYYY-MM-DD HH24:MI:SS'));

1 row created.

SQL> -------------------------------------------------------------------
SQL> 
SQL> 
SQL> SHOW USER
USER is "C##FZBINDEN0855"
SQL> SELECT systimestamp FROM dual;

SYSTIMESTAMP                                                                                                                                                                                                      
---------------------------------------------------------------------------                                                                                                                                       
26-DEC-24 11.23.13.783000 AM -04:00                                                                                                                                                                               

SQL> ------------------------------------------------------------------
SQL> --    Datos de la tabla gym_mon-4                                -
SQL> ------------------------------------------------------------------
SQL> INSERT INTO gym_mon VALUES ('00001', '10001', TO_TIMESTAMP('12-JAN-2024 14:23:10', 'DD-MON-YYYY HH24:MI:SS'), TO_TIMESTAMP('05-MAY-2024 13:45:25', 'DD-MON-YYYY HH24:MI:SS'));

1 row created.

SQL> INSERT INTO gym_mon VALUES ('00002', '10002', TO_TIMESTAMP('15-JAN-2024 09:45:30', 'DD-MON-YYYY HH24:MI:SS'), TO_TIMESTAMP('15-MAY-2024 17:30:10', 'DD-MON-YYYY HH24:MI:SS'));

1 row created.

SQL> INSERT INTO gym_mon VALUES ('00003', '10003', TO_TIMESTAMP('01-FEB-2024 11:12:20', 'DD-MON-YYYY HH24:MI:SS'), TO_TIMESTAMP('25-MAY-2024 09:20:40', 'DD-MON-YYYY HH24:MI:SS'));

1 row created.

SQL> INSERT INTO gym_mon VALUES ('00004', '10004', TO_TIMESTAMP('10-FEB-2024 16:30:50', 'DD-MON-YYYY HH24:MI:SS'), TO_TIMESTAMP('02-JUN-2024 14:50:55', 'DD-MON-YYYY HH24:MI:SS'));

1 row created.

SQL> INSERT INTO gym_mon VALUES ('00005', '10005', TO_TIMESTAMP('03-MAR-2024 10:15:00', 'DD-MON-YYYY HH24:MI:SS'), TO_TIMESTAMP('10-JUN-2024 19:15:30', 'DD-MON-YYYY HH24:MI:SS'));

1 row created.

SQL> INSERT INTO gym_mon VALUES ('00006', '10006', TO_TIMESTAMP('07-MAR-2024 18:50:25', 'DD-MON-YYYY HH24:MI:SS'), TO_TIMESTAMP('25-JUN-2024 08:05:45', 'DD-MON-YYYY HH24:MI:SS'));

1 row created.

SQL> INSERT INTO gym_mon VALUES ('00007', '10007', TO_TIMESTAMP('18-MAR-2024 14:05:15', 'DD-MON-YYYY HH24:MI:SS'), TO_TIMESTAMP('01-JUL-2024 11:35:20', 'DD-MON-YYYY HH24:MI:SS'));

1 row created.

SQL> INSERT INTO gym_mon VALUES ('00008', '10008', TO_TIMESTAMP('01-APR-2024 20:23:35', 'DD-MON-YYYY HH24:MI:SS'), TO_TIMESTAMP('15-JUL-2024 15:40:50', 'DD-MON-YYYY HH24:MI:SS'));

1 row created.

SQL> INSERT INTO gym_mon VALUES ('00009', '10009', TO_TIMESTAMP('11-APR-2024 08:12:45', 'DD-MON-YYYY HH24:MI:SS'), TO_TIMESTAMP('28-JUL-2024 20:25:35', 'DD-MON-YYYY HH24:MI:SS'));

1 row created.

SQL> INSERT INTO gym_mon VALUES ('00010', '10010', TO_TIMESTAMP('20-APR-2024 22:30:55', 'DD-MON-YYYY HH24:MI:SS'), TO_TIMESTAMP('05-AUG-2024 10:10:00', 'DD-MON-YYYY HH24:MI:SS'));

1 row created.

SQL> ------------------------------------------------------------------
SQL> -- Example Queries:                                              -
SQL> ------------------------------------------------------------------
SQL> 
SQL> SHOW USER
USER is "C##FZBINDEN0855"
SQL> SELECT systimestamp FROM dual;

SYSTIMESTAMP                                                                                                                                                                                                      
---------------------------------------------------------------------------                                                                                                                                       
26-DEC-24 11.23.13.809000 AM -04:00                                                                                                                                                                               

SQL> 
SQL> ------------------------------------------------------------------
SQL> ------------------------------------------------------------------
SQL> 
SQL> SET LINESIZE 80
SQL> -- 1.	Mostrar los atributos de la tabla FREAKYMON
SQL> SHOW USER
USER is "C##FZBINDEN0855"
SQL> SELECT systimestamp FROM dual;

SYSTIMESTAMP                                                                    
---------------------------------------------------------------------------     
26-DEC-24 11.23.13.812000 AM -04:00                                             

SQL> DESCRIBE mon;
 Name                                      Null?    Type
 ----------------------------------------- -------- ----------------------------
 ID_PK                                     NOT NULL VARCHAR2(7)
 ID_DEX_FK                                 NOT NULL VARCHAR2(50)
 GENERO                                    NOT NULL VARCHAR2(2)
 HP                                        NOT NULL VARCHAR2(7)
 BARRIO                                    NOT NULL VARCHAR2(50)
 CIUDAD                                    NOT NULL VARCHAR2(50)
 ESTADO                                    NOT NULL VARCHAR2(50)
 ZIPCODE                                   NOT NULL VARCHAR2(50)
 FECHA_CAPTURA                             NOT NULL TIMESTAMP(9)
 COMENTARIO                                         VARCHAR2(100)
 CP                                        NOT NULL VARCHAR2(10)
 CANTIDAD_VICTORIA                         NOT NULL VARCHAR2(10)
 ESTRELLA                                  NOT NULL VARCHAR2(3)
 PESO                                      NOT NULL VARCHAR2(10)
 ESTATURA                                  NOT NULL VARCHAR2(6)

SQL> ------------------------------------------------------------------
SQL> ------------------------------------------------------------------
SQL> 
SQL> SET LINESIZE 200
SQL> --2.	Mostrar todos los datos de la tabla FREAKYDEX
SQL> SHOW USER
USER is "C##FZBINDEN0855"
SQL> SELECT systimestamp FROM dual;

SYSTIMESTAMP                                                                                                                                                                                            
---------------------------------------------------------------------------                                                                                                                             
26-DEC-24 11.23.13.815000 AM -04:00                                                                                                                                                                     

SQL> SELECT * FROM freakydex;

ID_PK   CEL_CUENTA_J FECHA_NAC NOMBRE                    EVOLUCION                 DULCE DULCE                                                                                                          
------- ------------ --------- ------------------------- ------------------------- ----- -----                                                                                                          
10001   1234567890   01-JAN-90 Thunderclaw               3                         150   10                                                                                                             
10002   2345678901   15-MAR-85 Fluffstorm                1                         200   15                                                                                                             
10003   3456789012   22-SEP-92 Rockbreaker               2                         120   12                                                                                                             
10004   4567890123   03-JUL-88 Aquafury                  1                         170   18                                                                                                             
10005   5678901234   17-AUG-95 Ironclad                  3                         180   20                                                                                                             
10006   6789012345   05-MAY-00 Psychovore                2                         130   14                                                                                                             
10007   7890123456   11-NOV-93 Pyroblade                 3                         160   16                                                                                                             
10008   8901234567   23-FEB-97 Windrider                 1                         140   13                                                                                                             
10009   9012345678   30-JUL-86 Beastflame                2                         150   15                                                                                                             
10010   0123456789   21-DEC-99 Venomdrake                3                         190   19                                                                                                             

10 rows selected.

SQL> SET LINESIZE 200
SQL> 
SQL> ------------------------------------------------------------------
SQL> ------------------------------------------------------------------
SQL> 
SQL> -- 3.	Mostrar el nombre del jugador con los nombres de los pokemones que ha capturado (freakydex)
SQL> SHOW USER
USER is "C##FZBINDEN0855"
SQL> SELECT systimestamp FROM dual;

SYSTIMESTAMP                                                                                                                                                                                            
---------------------------------------------------------------------------                                                                                                                             
26-DEC-24 11.23.13.824000 AM -04:00                                                                                                                                                                     

SQL> SELECT j.nombre AS nombre_jugador, f.nombre AS nombre_freakymon
  2  FROM jugador j
  3  JOIN freakydex f
  4      ON j.celular_cuenta_pk_fk = f.cel_cuenta_juego_fk1
  5     AND j.fecha_nacimiento_pk = f.fecha_naci_juego_fk2;

NOMBRE_JUGADOR            NOMBRE_FREAKYMON                                                                                                                                                              
------------------------- -------------------------                                                                                                                                                     
John                      Thunderclaw                                                                                                                                                                   
Emily                     Fluffstorm                                                                                                                                                                    
Robert                    Rockbreaker                                                                                                                                                                   
Sarah                     Aquafury                                                                                                                                                                      
Michael                   Ironclad                                                                                                                                                                      
Olivia                    Psychovore                                                                                                                                                                    
William                   Pyroblade                                                                                                                                                                     
Ava                       Windrider                                                                                                                                                                     
James                     Beastflame                                                                                                                                                                    
Isabella                  Venomdrake                                                                                                                                                                    

10 rows selected.

SQL> 
SQL> ------------------------------------------------------------------
SQL> ------------------------------------------------------------------
SQL> 
SQL> -- 4.	Mostrar el nombre del jugador con el total de pokemones que ha capturado, agrupados por nombre.
SQL> SHOW USER
USER is "C##FZBINDEN0855"
SQL> SELECT systimestamp FROM dual;

SYSTIMESTAMP                                                                                                                                                                                            
---------------------------------------------------------------------------                                                                                                                             
26-DEC-24 11.23.13.844000 AM -04:00                                                                                                                                                                     

SQL> SELECT j.nombre AS nombre_jugador, COUNT(f.id_pk) AS total_pokemones
  2  FROM jugador j
  3  JOIN freakydex f
  4      ON j.celular_cuenta_pk_fk = f.cel_cuenta_juego_fk1
  5     AND j.fecha_nacimiento_pk = f.fecha_naci_juego_fk2
  6  GROUP BY j.nombre;

NOMBRE_JUGADOR            TOTAL_POKEMONES                                                                                                                                                               
------------------------- ---------------                                                                                                                                                               
Robert                                  1                                                                                                                                                               
William                                 1                                                                                                                                                               
Ava                                     1                                                                                                                                                               
James                                   1                                                                                                                                                               
Emily                                   1                                                                                                                                                               
John                                    1                                                                                                                                                               
Sarah                                   1                                                                                                                                                               
Olivia                                  1                                                                                                                                                               
Michael                                 1                                                                                                                                                               
Isabella                                1                                                                                                                                                               

10 rows selected.

SQL> 
SQL> ------------------------------------------------------------------
SQL> ------------------------------------------------------------------
SQL> 
SQL> SHOW USER
USER is "C##FZBINDEN0855"
SQL> SELECT systimestamp FROM dual;

SYSTIMESTAMP                                                                                                                                                                                            
---------------------------------------------------------------------------                                                                                                                             
26-DEC-24 11.23.13.855000 AM -04:00                                                                                                                                                                     

SQL> -- 5.	Mostrar los nombres de los freakymon y cantidad de dulces que ha acumulado de aquellos que tienen m s de 100.
SQL> SELECT nombre, dulces_acumu
  2  FROM freakydex
  3  WHERE TO_NUMBER(dulces_acumu) > 100;

NOMBRE                    DULCE                                                                                                                                                                         
------------------------- -----                                                                                                                                                                         
Thunderclaw               150                                                                                                                                                                           
Fluffstorm                200                                                                                                                                                                           
Rockbreaker               120                                                                                                                                                                           
Aquafury                  170                                                                                                                                                                           
Ironclad                  180                                                                                                                                                                           
Psychovore                130                                                                                                                                                                           
Pyroblade                 160                                                                                                                                                                           
Windrider                 140                                                                                                                                                                           
Beastflame                150                                                                                                                                                                           
Venomdrake                190                                                                                                                                                                           

10 rows selected.

SQL> 
SQL> ------------------------------------------------------------------
SQL> ------------------------------------------------------------------
SQL> 
SQL> SHOW USER
USER is "C##FZBINDEN0855"
SQL> SELECT systimestamp FROM dual;

SYSTIMESTAMP                                                                                                                                                                                            
---------------------------------------------------------------------------                                                                                                                             
26-DEC-24 11.23.13.859000 AM -04:00                                                                                                                                                                     

SQL> -- 6.	Mostrar la informaci¢n de todos los spins que se hayan hecho en una fecha en particular (usted decide la fecha).
SQL> SELECT *
  2  FROM girada
  3  WHERE TRUNC(fecha_h_m) = TO_DATE('2024-01-10', 'YYYY-MM-DD');

ID_PK   CELU_CUENTA_ FECHA_NAC ID_ITEM ID_GYM_ ID_PARA FECHA_H_M                                                                   CANTIDA                                                              
------- ------------ --------- ------- ------- ------- --------------------------------------------------------------------------- -------                                                              
1       1234567890   01-JAN-90 I001    00001   00001   10-JAN-24 09.25.00.000000000 AM                                             2                                                                    

SQL> SHOW USER
USER is "C##FZBINDEN0855"
SQL> SELECT systimestamp FROM dual;

SYSTIMESTAMP                                                                                                                                                                                            
---------------------------------------------------------------------------                                                                                                                             
26-DEC-24 11.23.13.863000 AM -04:00                                                                                                                                                                     

SQL> SET LINESIZE 90
SQL> 
SQL> ------------------------------------------------------------------
SQL> ------------------------------------------------------------------
SQL> 
SQL> -- 7.	Mostrar los nombres de los jugadores (concatenado) y la edad que tienen y se organizan los datos por edad de menor a mayor.
SQL> SELECT j.nombre || ' ' || j.apellido || NVL(' ' || j.apellido_materno, '') AS nombre_completo,
  2         FLOOR(MONTHS_BETWEEN(SYSDATE, j.fecha_nacimiento_pk) / 12) AS edad
  3  FROM jugador j
  4  ORDER BY edad;

NOMBRE_COMPLETO                                                                     EDAD  
----------------------------------------------------------------------------- ----------  
Olivia Harris Moore                                                                   24  
Isabella Martinez Garcia                                                              25  
Ava Lewis King                                                                        27  
Michael Brown Lee                                                                     29  
William Clark Walker                                                                  31  
Robert Green Taylor                                                                   32  
John Doe Smith                                                                        34  
Sarah Black Davis                                                                     36  
James Turner Scott                                                                    38  
Emily White Johnson                                                                   39  

10 rows selected.

SQL> COMMIT;

Commit complete.

SQL> 
SQL> ------------------------------------------------------------------
SQL> ------------------------------------------------------------------
SQL> 
SQL> --8 datos de gimnasio
SQL> SET PAGESIZE 50;
SQL> SET LINESIZE 210;
SQL> COLUMN nombre FORMAT A25
SQL> COLUMN descripcion FORMAT A50
SQL> COLUMN latitud FORMAT A15
SQL> COLUMN longitud FORMAT A15
SQL> SELECT * FROM gym;

ID_PK   NOMBRE                    DESCRIPCION                                        LATITUD         LONGITUD                                                                                                     
------- ------------------------- -------------------------------------------------- --------------- ---------------                                                                                              
00001   Gym Pok‚mon               The ultimate training gym                          18.4655         66.1057                                                                                                      
00002   Gym Arena                 A competitive battle arena                         18.4700         66.1100                                                                                                      
00003   Battle Hub                Gym known for fierce battles                       18.4500         66.1150                                                                                                      
00004   Elite Gym                 Exclusive gym for top trainers                     18.4600         66.1200                                                                                                      
00005   Water Gym                 Gym with water-based challenges                    18.4800         66.1300                                                                                                      
00006   Fire Gym                  Gym specializing in fire-type                      18.4400         66.1400                                                                                                      
00007   Electric Gym              Gym for electric-type trainers                     18.4705         66.1500                                                                                                      
00008   Psychic Gym               Gym for psychic-type Pok‚mon                       18.4505         66.1550                                                                                                      
00009   Grass Gym                 Gym for nature-loving trainers                     18.4605         66.1450                                                                                                      
00010   Rock Gym                  Gym focused on rock-type battles                   18.4650         66.1250                                                                                                      

10 rows selected.

SQL> 
SQL> ------------------------------------------------------------------
SQL> ------------------------------------------------------------------
SQL> 
SQL> --9	Mostrar el nombre del freackymon, su g‚nero, hp_maximo, cp, altura y peso.
SQL> SELECT
  2      f.nombre, m.genero, m.hp, m.cp, m.estatura, m.peso
  3      FROM freakydex f
  4  JOIN
  5      mon m ON f.id_pk = m.id_dex_fk;

NOMBRE                    GE HP      CP         ESTATU PESO                                                                                                                                                       
------------------------- -- ------- ---------- ------ ----------                                                                                                                                                 
Thunderclaw               M  120     3500       2.1    150                                                                                                                                                        
Fluffstorm                F  95      2800       1.8    80                                                                                                                                                         
Rockbreaker               M  135     4000       2.5    200                                                                                                                                                        
Aquafury                  F  110     3200       1.6    90                                                                                                                                                         
Ironclad                  M  140     4500       2.8    220                                                                                                                                                        
Psychovore                F  80      2100       1.5    75                                                                                                                                                         
Pyroblade                 M  125     3600       2.3    160                                                                                                                                                        
Windrider                 F  100     3000       1.9    130                                                                                                                                                        
Beastflame                M  90      2500       1.7    95                                                                                                                                                         
Venomdrake                F  115     3400       2.0    145                                                                                                                                                        

10 rows selected.

SQL> 
SQL> ------------------------------------------------------------------
SQL> ------------------------------------------------------------------
SQL> 
SQL> --10	Mostrar todos los atributos del freackydex.
SQL> SELECT * FROM freakydex;

ID_PK   CEL_CUENTA_J FECHA_NAC NOMBRE                    EVOLUCION                 DULCE DULCE                                                                                                                    
------- ------------ --------- ------------------------- ------------------------- ----- -----                                                                                                                    
10001   1234567890   01-JAN-90 Thunderclaw               3                         150   10                                                                                                                       
10002   2345678901   15-MAR-85 Fluffstorm                1                         200   15                                                                                                                       
10003   3456789012   22-SEP-92 Rockbreaker               2                         120   12                                                                                                                       
10004   4567890123   03-JUL-88 Aquafury                  1                         170   18                                                                                                                       
10005   5678901234   17-AUG-95 Ironclad                  3                         180   20                                                                                                                       
10006   6789012345   05-MAY-00 Psychovore                2                         130   14                                                                                                                       
10007   7890123456   11-NOV-93 Pyroblade                 3                         160   16                                                                                                                       
10008   8901234567   23-FEB-97 Windrider                 1                         140   13                                                                                                                       
10009   9012345678   30-JUL-86 Beastflame                2                         150   15                                                                                                                       
10010   0123456789   21-DEC-99 Venomdrake                3                         190   19                                                                                                                       

10 rows selected.

SQL> 
SQL> ------------------------------------------------------------------
SQL> ------------------------------------------------------------------
SQL> 
SQL> --11	Muestra el inventario de un jugador en particular (nombre del item, fecha
SQL> --en que lo obtuvo y la cantidad que obtuvo en ese momento). Incluye el Nombre del jugador.
SQL> SELECT j.nombre, i.nombre, g.fecha_h_m,  g.cantidad FROM inventario inv
  2  JOIN jugador j ON inv.cel_cuent_pk_fk1 = j.celular_cuenta_pk_fk
  3  JOIN item i ON inv.id_item_pk_fk2 = i.id_pk
  4  JOIN
  5      girada g ON inv.cel_cuent_pk_fk1 = g.celu_cuenta_jugada_pk_fk1
  6  WHERE
  7      j.nombre = 'John';

NOMBRE                    NOMBRE                    FECHA_H_M                                                                   CANTIDA                                                                           
------------------------- ------------------------- --------------------------------------------------------------------------- -------                                                                           
John                      Pok‚ball                  10-JAN-24 09.25.00.000000000 AM                                             2                                                                                 

SQL> 
SQL> ------------------------------------------------------------------
SQL> ------------------------------------------------------------------
SQL> 
SQL> --12 Haz un left outher Join entre el freackydex y el freackymon (usando solamente el pk)
SQL> SELECT f.id_pk AS Freaky_PK, m.id_pk AS Mon_PK
  2  FROM freakydex f
  3  LEFT OUTER JOIN mon m ON f.id_pk = m.id_dex_fk;

FREAKY_ MON_PK                                                                                                                                                                                                    
------- -------                                                                                                                                                                                                   
10001   10001                                                                                                                                                                                                     
10002   10002                                                                                                                                                                                                     
10003   10003                                                                                                                                                                                                     
10004   10004                                                                                                                                                                                                     
10005   10005                                                                                                                                                                                                     
10006   10006                                                                                                                                                                                                     
10007   10007                                                                                                                                                                                                     
10008   10008                                                                                                                                                                                                     
10009   10009                                                                                                                                                                                                     
10010   10010                                                                                                                                                                                                     

10 rows selected.

SQL> SET PAGESIZE 400;
SQL> 
SQL> ------------------------------------------------------------------
SQL> ------------------------------------------------------------------
SQL> 
SQL> --13. Crea un CROSS JOIN entre el pk de freackymon y los ataques (pk) e incluye el nombre del ataque.
SQL> SELECT m.id_pk AS mon_id, a.id_pk AS ataque_id, a.nombre AS ataque_nombre
  2  FROM mon m
  3  CROSS JOIN ataque a;

MON_ID  ATAQUE_ ATAQUE_NOMBRE                                                                                                                                                                                     
------- ------- -------------------------                                                                                                                                                                         
10001   00001   Counter                                                                                                                                                                                           
10002   00001   Counter                                                                                                                                                                                           
10003   00001   Counter                                                                                                                                                                                           
10004   00001   Counter                                                                                                                                                                                           
10005   00001   Counter                                                                                                                                                                                           
10006   00001   Counter                                                                                                                                                                                           
10007   00001   Counter                                                                                                                                                                                           
10008   00001   Counter                                                                                                                                                                                           
10009   00001   Counter                                                                                                                                                                                           
10010   00001   Counter                                                                                                                                                                                           
10001   00002   Close Combat                                                                                                                                                                                      
10002   00002   Close Combat                                                                                                                                                                                      
10003   00002   Close Combat                                                                                                                                                                                      
10004   00002   Close Combat                                                                                                                                                                                      
10005   00002   Close Combat                                                                                                                                                                                      
10006   00002   Close Combat                                                                                                                                                                                      
10007   00002   Close Combat                                                                                                                                                                                      
10008   00002   Close Combat                                                                                                                                                                                      
10009   00002   Close Combat                                                                                                                                                                                      
10010   00002   Close Combat                                                                                                                                                                                      
10001   00003   Bullet Seed                                                                                                                                                                                       
10002   00003   Bullet Seed                                                                                                                                                                                       
10003   00003   Bullet Seed                                                                                                                                                                                       
10004   00003   Bullet Seed                                                                                                                                                                                       
10005   00003   Bullet Seed                                                                                                                                                                                       
10006   00003   Bullet Seed                                                                                                                                                                                       
10007   00003   Bullet Seed                                                                                                                                                                                       
10008   00003   Bullet Seed                                                                                                                                                                                       
10009   00003   Bullet Seed                                                                                                                                                                                       
10010   00003   Bullet Seed                                                                                                                                                                                       
10001   00004   Dragon Pulse                                                                                                                                                                                      
10002   00004   Dragon Pulse                                                                                                                                                                                      
10003   00004   Dragon Pulse                                                                                                                                                                                      
10004   00004   Dragon Pulse                                                                                                                                                                                      
10005   00004   Dragon Pulse                                                                                                                                                                                      
10006   00004   Dragon Pulse                                                                                                                                                                                      
10007   00004   Dragon Pulse                                                                                                                                                                                      
10008   00004   Dragon Pulse                                                                                                                                                                                      
10009   00004   Dragon Pulse                                                                                                                                                                                      
10010   00004   Dragon Pulse                                                                                                                                                                                      
10001   00005   Thunder                                                                                                                                                                                           
10002   00005   Thunder                                                                                                                                                                                           
10003   00005   Thunder                                                                                                                                                                                           
10004   00005   Thunder                                                                                                                                                                                           
10005   00005   Thunder                                                                                                                                                                                           
10006   00005   Thunder                                                                                                                                                                                           
10007   00005   Thunder                                                                                                                                                                                           
10008   00005   Thunder                                                                                                                                                                                           
10009   00005   Thunder                                                                                                                                                                                           
10010   00005   Thunder                                                                                                                                                                                           
10001   00006   Dragon Tail                                                                                                                                                                                       
10002   00006   Dragon Tail                                                                                                                                                                                       
10003   00006   Dragon Tail                                                                                                                                                                                       
10004   00006   Dragon Tail                                                                                                                                                                                       
10005   00006   Dragon Tail                                                                                                                                                                                       
10006   00006   Dragon Tail                                                                                                                                                                                       
10007   00006   Dragon Tail                                                                                                                                                                                       
10008   00006   Dragon Tail                                                                                                                                                                                       
10009   00006   Dragon Tail                                                                                                                                                                                       
10010   00006   Dragon Tail                                                                                                                                                                                       
10001   00007   Megahorn                                                                                                                                                                                          
10002   00007   Megahorn                                                                                                                                                                                          
10003   00007   Megahorn                                                                                                                                                                                          
10004   00007   Megahorn                                                                                                                                                                                          
10005   00007   Megahorn                                                                                                                                                                                          
10006   00007   Megahorn                                                                                                                                                                                          
10007   00007   Megahorn                                                                                                                                                                                          
10008   00007   Megahorn                                                                                                                                                                                          
10009   00007   Megahorn                                                                                                                                                                                          
10010   00007   Megahorn                                                                                                                                                                                          
10001   00008   Iron Tail                                                                                                                                                                                         
10002   00008   Iron Tail                                                                                                                                                                                         
10003   00008   Iron Tail                                                                                                                                                                                         
10004   00008   Iron Tail                                                                                                                                                                                         
10005   00008   Iron Tail                                                                                                                                                                                         
10006   00008   Iron Tail                                                                                                                                                                                         
10007   00008   Iron Tail                                                                                                                                                                                         
10008   00008   Iron Tail                                                                                                                                                                                         
10009   00008   Iron Tail                                                                                                                                                                                         
10010   00008   Iron Tail                                                                                                                                                                                         
10001   00009   Stone Edge                                                                                                                                                                                        
10002   00009   Stone Edge                                                                                                                                                                                        
10003   00009   Stone Edge                                                                                                                                                                                        
10004   00009   Stone Edge                                                                                                                                                                                        
10005   00009   Stone Edge                                                                                                                                                                                        
10006   00009   Stone Edge                                                                                                                                                                                        
10007   00009   Stone Edge                                                                                                                                                                                        
10008   00009   Stone Edge                                                                                                                                                                                        
10009   00009   Stone Edge                                                                                                                                                                                        
10010   00009   Stone Edge                                                                                                                                                                                        
10001   00010   Bullet Punch                                                                                                                                                                                      
10002   00010   Bullet Punch                                                                                                                                                                                      
10003   00010   Bullet Punch                                                                                                                                                                                      
10004   00010   Bullet Punch                                                                                                                                                                                      
10005   00010   Bullet Punch                                                                                                                                                                                      
10006   00010   Bullet Punch                                                                                                                                                                                      
10007   00010   Bullet Punch                                                                                                                                                                                      
10008   00010   Bullet Punch                                                                                                                                                                                      
10009   00010   Bullet Punch                                                                                                                                                                                      
10010   00010   Bullet Punch                                                                                                                                                                                      

100 rows selected.

SQL> SET PAGESIZE 50;
SQL> 
SQL> ------------------------------------------------------------------
SQL> ------------------------------------------------------------------
SQL> 
SQL> --14. Crea un CROSS JOIN entre el pk de freackymon y los ataques (pk) e incluye el nombre del ataque.
SQL> SELECT
  2      id_pk, nombre, descripcion, latitud,  longitud
  3  FROM parada UNION SELECT id_pk, nombre, descripcion, latitud, longitud
  4  FROM gym;

ID_PK   NOMBRE                    DESCRIPCION                                        LATITUD         LONGITUD                                                                                                     
------- ------------------------- -------------------------------------------------- --------------- ---------------                                                                                              
00001   El Refugio Verde          A hidden gem in the forest                         18.4655         66.1057                                                                                                      
00001   Gym Pok‚mon               The ultimate training gym                          18.4655         66.1057                                                                                                      
00002   Gym Arena                 A competitive battle arena                         18.4700         66.1100                                                                                                      
00002   La Plaza Dorada           Bustling stop near the city center                 18.4700         66.1100                                                                                                      
00003   Battle Hub                Gym known for fierce battles                       18.4500         66.1150                                                                                                      
00003   El Lago Sereno            Quiet spot by the shimmering lake                  18.4500         66.1150                                                                                                      
00004   Elite Gym                 Exclusive gym for top trainers                     18.4600         66.1200                                                                                                      
00004   La Cima Secreta           High up near the mountain trail                    18.4600         66.1200                                                                                                      
00005   El Mercado Vivo           A lively stop near the local market                18.4800         66.1300                                                                                                      
00005   Water Gym                 Gym with water-based challenges                    18.4800         66.1300                                                                                                      
00006   El Descanso Solitario     A peaceful stop on the highway                     18.4400         66.1400                                                                                                      
00006   Fire Gym                  Gym specializing in fire-type                      18.4400         66.1400                                                                                                      
00007   Electric Gym              Gym for electric-type trainers                     18.4705         66.1500                                                                                                      
00007   La Brisa Marina           A stop by the coastal breeze                       18.4705         66.1500                                                                                                      
00008   El Portal Silencioso      Rest stop by the park entrance                     18.4505         66.1550                                                                                                      
00008   Psychic Gym               Gym for psychic-type Pok‚mon                       18.4505         66.1550                                                                                                      
00009   Grass Gym                 Gym for nature-loving trainers                     18.4605         66.1450                                                                                                      
00009   La Costa Dorada           Rest stop with a golden beach view                 18.4605         66.1450                                                                                                      
00010   El Tren Estelar           Convenient stop next to the train station          18.4650         66.1250                                                                                                      
00010   Rock Gym                  Gym focused on rock-type battles                   18.4650         66.1250                                                                                                      

20 rows selected.

SQL> 
SQL> ------------------------------------------------------------------
SQL> ------------------------------------------------------------------
SQL> 
SQL> --15.	Mostrar el nombre del jugador en Initcap y los nombres de los freakymones que ha
SQL> --capturado(freakydesk) en may£sculas. (solamente indicar un jugador que tenga muchos freakymones)
SQL> SELECT
  2      INITCAP(j.nombre), UPPER(f.nombre)
  3  FROM jugador j
  4  JOIN freakydex f ON j.celular_cuenta_pk_fk = f.cel_cuenta_juego_fk1
  5  WHERE j.nombre = 'Emily';

INITCAP(J.NOMBRE)         UPPER(F.NOMBRE)                                                                                                                                                                         
------------------------- -------------------------                                                                                                                                                               
Emily                     FLUFFSTORM                                                                                                                                                                              

SQL> 
SQL> ------------------------------------------------------------------
SQL> ------------------------------------------------------------------
SQL> 
SQL> --16 Mostrar de cuantos caracteres se componen los nombres de los freakymones (no incluir repetidos)
SQL> --y organizar el resultado en orden descendente.
SQL> SELECT nombre, LENGTH(nombre) AS longitud_nombre
  2  FROM freakydex
  3  GROUP BY nombre
  4  ORDER BY longitud_nombre DESC;

NOMBRE                    LONGITUD_NOMBRE                                                                                                                                                                         
------------------------- ---------------                                                                                                                                                                         
Thunderclaw                            11                                                                                                                                                                         
Rockbreaker                            11                                                                                                                                                                         
Venomdrake                             10                                                                                                                                                                         
Beastflame                             10                                                                                                                                                                         
Psychovore                             10                                                                                                                                                                         
Fluffstorm                             10                                                                                                                                                                         
Windrider                               9                                                                                                                                                                         
Pyroblade                               9                                                                                                                                                                         
Aquafury                                8                                                                                                                                                                         
Ironclad                                8                                                                                                                                                                         

10 rows selected.

SQL> 
SQL> ------------------------------------------------------------------
SQL> ------------------------------------------------------------------
SQL> 
SQL> --17. Calcular la cantidad de d¡as que han transcurrido entre la fecha en la que se agarra un pokemon
SQL> --y la fecha actual del sistema (sysdate).
SQL> COLUMN dias_transcurridos FORMAT 9999999999
SQL> COLUMN fecha_agarre FORMAT 50
SP2-0246: Illegal FORMAT string "50"
SQL> SELECT fecha_pk AS fecha_agarre, SYSDATE - fecha_pk AS dias_transcurridos
  2  FROM agarre;

FECHA_AGARRE                                                                DIAS_TRANSCURRIDOS                                                                                                                    
--------------------------------------------------------------------------- ---------------------------------------------------------------------------                                                           
01-APR-24 03.30.00.000000000 PM                                             +000000268 19:53:13.000000000                                                                                                         
02-APR-24 11.00.00.000000000 AM                                             +000000268 00:23:13.000000000                                                                                                         
03-APR-24 09.45.00.000000000 AM                                             +000000267 01:38:13.000000000                                                                                                         
05-APR-24 05.00.00.000000000 PM                                             +000000264 18:23:13.000000000                                                                                                         
06-APR-24 01.30.00.000000000 PM                                             +000000263 21:53:13.000000000                                                                                                         
07-APR-24 10.15.00.000000000 AM                                             +000000263 01:08:13.000000000                                                                                                         
08-APR-24 02.20.00.000000000 PM                                             +000000261 21:03:13.000000000                                                                                                         
09-APR-24 12.10.00.000000000 PM                                             +000000260 23:13:13.000000000                                                                                                         
10-APR-24 04.45.00.000000000 PM                                             +000000259 18:38:13.000000000                                                                                                         
11-APR-24 11.55.00.000000000 AM                                             +000000258 23:28:13.000000000                                                                                                         

10 rows selected.

SQL> 
SQL> ------------------------------------------------------------------
SQL> ------------------------------------------------------------------
SQL> 
SQL> --18.	Calcula los meses transcurridos entre la fecha de creaci¢n de la cuenta del usuario
SQL> -- y la fecha de nacimiento del jugador.
SQL> 
SQL> SELECT j.nombre, TRUNC(MONTHS_BETWEEN(c.fecha_u_creacion, j.fecha_nacimiento_pk)) AS "Meses Transcurridos"
  2  FROM cuenta c
  3  JOIN jugador j ON c.telefono_pk = j.celular_cuenta_pk_fk;

NOMBRE                    Meses Transcurridos                                                                                                                                                                     
------------------------- -------------------                                                                                                                                                                     
John                                      408                                                                                                                                                                     
Emily                                     467                                                                                                                                                                     
Robert                                    377                                                                                                                                                                     
Sarah                                     429                                                                                                                                                                     
Michael                                   344                                                                                                                                                                     
Olivia                                    289                                                                                                                                                                     
William                                   368                                                                                                                                                                     
Ava                                       330                                                                                                                                                                     
James                                     457                                                                                                                                                                     
Isabella                                  298                                                                                                                                                                     

10 rows selected.

SQL> 
SQL> ------------------------------------------------------------------
SQL> ------------------------------------------------------------------
SQL> 
SQL> --19.	A¤ade 25 meses a la fecha de captura de los freakymones y muestrala,
SQL> --adem s incluye el nombre del frekymon.
SQL> SELECT f.nombre, m.fecha_captura, ADD_MONTHS(m.fecha_captura, 25) AS "Meses"
  2  FROM freakydex f
  3  JOIN mon m ON f.id_pk = m.id_dex_fk;

NOMBRE                    FECHA_CAPTURA                       Meses                                                                                                                                               
------------------------- ----------------------------------- ---------                                                                                                                                           
Thunderclaw               01-APR-24 02.30.00.000000000 PM     01-MAY-26                                                                                                                                           
Fluffstorm                02-APR-24 10.15.00.000000000 AM     02-MAY-26                                                                                                                                           
Rockbreaker               03-APR-24 09.20.00.000000000 AM     03-MAY-26                                                                                                                                           
Aquafury                  05-APR-24 05.45.00.000000000 PM     05-MAY-26                                                                                                                                           
Ironclad                  06-APR-24 11.30.00.000000000 AM     06-MAY-26                                                                                                                                           
Psychovore                07-APR-24 04.10.00.000000000 PM     07-MAY-26                                                                                                                                           
Pyroblade                 08-APR-24 12.25.00.000000000 PM     08-MAY-26                                                                                                                                           
Windrider                 09-APR-24 01.40.00.000000000 PM     09-MAY-26                                                                                                                                           
Beastflame                10-APR-24 02.15.00.000000000 PM     10-MAY-26                                                                                                                                           
Venomdrake                11-APR-24 10.50.00.000000000 AM     11-MAY-26                                                                                                                                           

10 rows selected.

SQL> 
SQL> ------------------------------------------------------------------
SQL> ------------------------------------------------------------------
SQL> 
SQL> --20.	Muestra la suma de CP de un tipo de freakymon (selecciona el que mas tenga de unmismo
SQL> --tipo, debe haber m s de tres instancias).
SQL> SELECT t.nombre, SUM(TO_NUMBER(m.cp)) AS "Sum"
  2  FROM mon m
  3  JOIN tipo_mon tm ON m.id_pk = tm.id_fmon_pk_fk1
  4  JOIN tipo t ON tm.num_tipo_pk_fk2 = t.numero_pk
  5  GROUP BY t.nombre
  6  HAVING COUNT(*) < 3;

NOMBRE                           Sum                                                                                                                                                                              
------------------------- ----------                                                                                                                                                                              
Flying                          3200                                                                                                                                                                              
Ground                          2100                                                                                                                                                                              
Rock                            3500                                                                                                                                                                              
Fire                            2500                                                                                                                                                                              
Dragon                          4000                                                                                                                                                                              
Dark                            2800                                                                                                                                                                              
Steel                           3600                                                                                                                                                                              
Bug                             3400                                                                                                                                                                              
Fighting                        3000                                                                                                                                                                              
Water                           4500                                                                                                                                                                              

10 rows selected.

SQL> 
SQL> ------------------------------------------------------------------
SQL> ------------------------------------------------------------------
SQL> 
SQL> --21. Mostrar el promedio de CP por grupo de freakymones (ejemplo todos los picachus)
SQL> -- Deben haber al menos 2 grupo de 6 freakymones del mismo tipo.
SQL> SELECT f.nombre, AVG(TO_NUMBER(m.cp)) AS "Promedio"
  2  FROM mon m
  3  JOIN freakydex f ON m.id_dex_fk = f.id_pk
  4  GROUP BY f.nombre
  5  HAVING COUNT(*) <= 6;

NOMBRE                      Promedio                                                                                                                                                                              
------------------------- ----------                                                                                                                                                                              
Pyroblade                       3600                                                                                                                                                                              
Windrider                       3000                                                                                                                                                                              
Venomdrake                      3400                                                                                                                                                                              
Beastflame                      2500                                                                                                                                                                              
Thunderclaw                     3500                                                                                                                                                                              
Rockbreaker                     4000                                                                                                                                                                              
Ironclad                        4500                                                                                                                                                                              
Fluffstorm                      2800                                                                                                                                                                              
Aquafury                        3200                                                                                                                                                                              
Psychovore                      2100                                                                                                                                                                              

10 rows selected.

SQL> 
SQL> ------------------------------------------------------------------
SQL> ------------------------------------------------------------------
SQL> 
SQL> --22 SELECT COUNT(*) AS "Cantidad de Jugadores"
SQL> SELECT COUNT(*) AS cantidad_jugadores
  2  FROM jugador;

CANTIDAD_JUGADORES                                                                                                                                                                                                
------------------                                                                                                                                                                                                
                10                                                                                                                                                                                                

SQL> 
SQL> ------------------------------------------------------------------
SQL> ------------------------------------------------------------------
SQL> 
SQL> --23.	Muestra el nombre del freakymon que tiene el CP m s alto.
SQL> SELECT f.nombre, m.cp
  2  FROM freakydex f
  3  JOIN mon m ON f.id_pk = m.id_dex_fk
  4  ORDER BY TO_NUMBER(m.cp) DESC
  5  FETCH FIRST 1 ROW ONLY;

NOMBRE                    CP                                                                                                                                                                                      
------------------------- ----------                                                                                                                                                                              
Ironclad                  4500                                                                                                                                                                                    

SQL> 
SQL> ------------------------------------------------------------------
SQL> ------------------------------------------------------------------
SQL> 
SQL> --24.	Muestra el promedio de CP por tipo de frekymon. (freakydex y freakymon)
SQL> SELECT
  2      t.nombre,
  3      ROUND(AVG(TO_NUMBER(m.cp)), 2) AS "Promedio de CP"
  4  FROM mon m
  5  JOIN tipo_mon tm ON m.id_pk = tm.id_fmon_pk_fk1
  6  JOIN tipo t ON tm.num_tipo_pk_fk2 = t.numero_pk
  7  GROUP BY t.nombre;

NOMBRE                    Promedio de CP                                                                                                                                                                          
------------------------- --------------                                                                                                                                                                          
Flying                              3200                                                                                                                                                                          
Ground                              2100                                                                                                                                                                          
Rock                                3500                                                                                                                                                                          
Fire                                2500                                                                                                                                                                          
Dragon                              4000                                                                                                                                                                          
Dark                                2800                                                                                                                                                                          
Steel                               3600                                                                                                                                                                          
Bug                                 3400                                                                                                                                                                          
Fighting                            3000                                                                                                                                                                          
Water                               4500                                                                                                                                                                          

10 rows selected.

SQL> 
SQL> ------------------------------------------------------------------
SQL> ------------------------------------------------------------------
SQL> 
SQL> --25.	Muestra el total frekymone por categoria. (freakydex y freakymon)
SQL> SELECT t.nombre, COUNT(m.id_pk) AS "freakymones"
  2  FROM mon m
  3  JOIN tipo_mon tm ON m.id_pk = tm.id_fmon_pk_fk1
  4  JOIN tipo t ON tm.num_tipo_pk_fk2 = t.numero_pk
  5  GROUP BY t.nombre;

NOMBRE                    freakymones                                                                                                                                                                             
------------------------- -----------                                                                                                                                                                             
Flying                              1                                                                                                                                                                             
Ground                              1                                                                                                                                                                             
Rock                                1                                                                                                                                                                             
Fire                                1                                                                                                                                                                             
Dragon                              1                                                                                                                                                                             
Dark                                1                                                                                                                                                                             
Steel                               1                                                                                                                                                                             
Bug                                 1                                                                                                                                                                             
Fighting                            1                                                                                                                                                                             
Water                               1                                                                                                                                                                             

10 rows selected.

SQL> 
SQL> ------------------------------------------------------------------
SQL> ------------------------------------------------------------------
SQL> 
SQL> --26.	Muestra el CP mayor por cada categor¡a que tenga el freakydex.
SQL> SELECT t.nombre, MAX(TO_NUMBER(m.cp)) AS "CP M ximo"
  2  FROM mon m
  3  JOIN tipo_mon tm ON m.id_pk = tm.id_fmon_pk_fk1
  4  JOIN tipo t ON tm.num_tipo_pk_fk2 = t.numero_pk
  5  GROUP BY t.nombre;

NOMBRE                     CP M ximo                                                                                                                                                                              
------------------------- ----------                                                                                                                                                                              
Flying                          3200                                                                                                                                                                              
Ground                          2100                                                                                                                                                                              
Rock                            3500                                                                                                                                                                              
Fire                            2500                                                                                                                                                                              
Dragon                          4000                                                                                                                                                                              
Dark                            2800                                                                                                                                                                              
Steel                           3600                                                                                                                                                                              
Bug                             3400                                                                                                                                                                              
Fighting                        3000                                                                                                                                                                              
Water                           4500                                                                                                                                                                              

10 rows selected.

SQL> 
SQL> ------------------------------------------------------------------
SQL> ------------------------------------------------------------------
SQL> 
SQL> --27.	Ejecuta un enunciado similar, pero utilizando la cla£sula SELECT.
SQL> SELECT view_name FROM user_views;

VIEW_NAME                                                                                                                                                                                                         
--------------------------------------------------------------------------------------------------------------------------------                                                                                  
FREAKYMONES_CP_SUPERIOR                                                                                                                                                                                           

SQL> 
SQL> 
SQL> SPOOL OFF
